Epoch,Stage,Train_Loss,Train_Accuracy,Train_F1,Train_AUC,Val_Loss,Val_Accuracy,Val_F1,Val_AUC,Learning_Rate
1,Warm-up,0.801267285426662,0.7043701799485861,0.6041308089500861,0.7724886363636363,0.8104865733567659,0.7387387387387387,0.6133333333333333,0.739475643040278,0.001
2,Warm-up,0.7042321654702214,0.7589974293059126,0.6701846965699209,0.827844696969697,0.7610702494959215,0.7357357357357357,0.6173913043478261,0.7879827971218262,0.001
3,Warm-up,0.67038217163944,0.7827763496143959,0.687037037037037,0.8421382575757576,0.7444786511741959,0.7597597597597597,0.6330275229357798,0.7941857580018196,0.001
4,Warm-up,0.6332187552991441,0.7898457583547558,0.7046070460704607,0.8643977272727272,0.727517496179174,0.7597597597597597,0.6226415094339622,0.805619882557274,0.001
5,Warm-up,0.6130588476026579,0.7982005141388174,0.7108655616942909,0.8725473484848485,0.7084220586954294,0.7747747747747747,0.6543778801843319,0.8195351914647258,0.001
6,Fine-tune,0.6009577581692478,0.7904884318766067,0.7047101449275363,0.8726382575757576,0.6686535635152021,0.7747747747747747,0.6411483253588517,0.8426515590108344,0.0001
7,Fine-tune,0.5216977552613746,0.8251928020565553,0.7453183520599251,0.9044772727272727,0.6291089492875177,0.8018018018018018,0.6944444444444444,0.8620047969564137,0.0001
8,Fine-tune,0.4722062845769456,0.8419023136246787,0.7734806629834254,0.9226856060606062,0.6288907107290205,0.8108108108108109,0.7069767441860465,0.8689521131420065,0.0001
9,Fine-tune,0.5022812665351559,0.8316195372750642,0.7560521415270018,0.9112727272727271,0.6263836688465543,0.8168168168168168,0.7136150234741784,0.8765610784881317,0.0001
10,Fine-tune,0.4713052249199933,0.8386889460154242,0.7625354777672658,0.922407196969697,0.6376214011295421,0.8168168168168168,0.7081339712918661,0.8821023902075925,0.0001
11,Fine-tune,0.42147963151220796,0.8618251928020566,0.7946513849092646,0.9383124999999999,0.6213873154050237,0.8168168168168168,0.7188940092165899,0.8889670002481185,0.0001
12,Fine-tune,0.44111521024936884,0.8476863753213367,0.7807585568917669,0.9333068181818182,0.5923272278215792,0.8408408408408409,0.7414634146341463,0.9019518650235713,0.0001
13,Fine-tune,0.392578839987593,0.8753213367609255,0.8123791102514507,0.9468181818181818,0.6169194290945837,0.8618618618618619,0.7628865979381443,0.902075924241171,0.0001
14,Fine-tune,0.395716050251897,0.872107969151671,0.8110161443494777,0.945782196969697,0.5595234287035716,0.8378378378378378,0.75,0.9066661152923662,0.0001
15,Fine-tune,0.3577104262184055,0.8997429305912596,0.8473581213307241,0.9570284090909091,0.5554461946358552,0.8588588588588588,0.7793427230046949,0.9071209990902324,0.0001
16,Fine-tune,0.37166462260224215,0.8849614395886889,0.8283796740172579,0.9530132575757575,0.5826781084229639,0.8408408408408409,0.7557603686635944,0.9057977007691672,0.0001
17,Fine-tune,0.3656155154070695,0.87853470437018,0.8205128205128205,0.9539829545454546,0.5605526072484953,0.8528528528528528,0.7699530516431925,0.9067488214374329,0.0001
18,Fine-tune,0.33319787999045264,0.8958868894601543,0.8424124513618677,0.9620625,0.5090416668055652,0.8498498498498499,0.7706422018348624,0.9163840873376892,0.0001
19,Fine-tune,0.35207190933448185,0.884318766066838,0.8308270676691729,0.9580378787878788,0.5296816253089331,0.8408408408408409,0.7644444444444445,0.9105533041104954,0.0001
20,Fine-tune,0.3600012755792368,0.8862467866323908,0.8325449385052034,0.9555795454545455,0.5296366511880457,0.8138138138138138,0.7304347826086957,0.907782648250765,0.0001
21,Fine-tune,0.3390274389543999,0.8939588688946015,0.8411934552454283,0.9610833333333333,0.5670443739260997,0.8558558558558559,0.7647058823529411,0.9118766024315607,0.0001
22,Fine-tune,0.33715545196459656,0.8984575835475579,0.8483685220729367,0.9618996212121211,0.5406129757563273,0.8648648648648649,0.784688995215311,0.9143164337110246,5e-05
23,Fine-tune,0.2957492266185486,0.9113110539845758,0.8647058823529412,0.9701799242424243,0.5386796171242768,0.8648648648648649,0.7804878048780488,0.9177487387312878,5e-05
24,Fine-tune,0.29533468144718356,0.9106683804627249,0.8662175168431184,0.9704526515151515,0.5743141956515498,0.8528528528528528,0.7632850241545893,0.913075841535026,5e-05
25,Fine-tune,0.3075311078203981,0.9068123393316195,0.8604427333974976,0.9668693181818182,0.5609829925202034,0.8438438438438438,0.75,0.9132826068976925,5e-05
