Split_A,Filename_A,Split_B,Filename_B,dHash_Distance
Train,cell1481.png,Validation,cell1484.png,4
Train,cell1481.png,Validation,cell0963.png,1
Train,cell1481.png,Validation,cell0990.png,3
Train,cell1481.png,Validation,cell0031.png,3
Train,cell1481.png,Validation,cell0903.png,4
Train,cell1481.png,Validation,cell2438.png,3
Train,cell1481.png,Validation,cell1260.png,4
Train,cell1481.png,Validation,cell0943.png,4
Train,cell1481.png,Validation,cell1337.png,4
Train,cell1481.png,Validation,cell1401.png,4
Train,cell1481.png,Validation,cell1109.png,3
Train,cell2440.png,Validation,cell1158.png,4
Train,cell0042.png,Validation,cell0931.png,4
Train,cell1266.png,Validation,cell0939.png,4
Train,cell1266.png,Validation,cell0943.png,3
Train,cell1176.png,Validation,cell1514.png,4
Train,cell1176.png,Validation,cell1175.png,4
Train,cell1176.png,Validation,cell1146.png,3
Train,cell1176.png,Validation,cell1193.png,3
Train,cell2039.png,Validation,cell2058.png,3
Train,cell2039.png,Validation,cell2035.png,3
Train,cell1154.png,Validation,cell1094.png,4
Train,cell1154.png,Validation,cell1514.png,3
Train,cell1154.png,Validation,cell1609.png,4
Train,cell1154.png,Validation,cell1058.png,4
Train,cell1154.png,Validation,cell1586.png,4
Train,cell1154.png,Validation,cell1593.png,2
Train,cell1154.png,Validation,cell1228.png,4
Train,cell1154.png,Validation,cell1158.png,2
Train,cell1154.png,Validation,cell0369.png,3
Train,cell1154.png,Validation,cell1146.png,4
Train,cell1154.png,Validation,cell1594.png,2
Train,cell1422.png,Validation,cell1484.png,4
Train,cell1422.png,Validation,cell0963.png,3
Train,cell1313.png,Validation,cell1094.png,4
Train,cell1313.png,Validation,cell1609.png,4
Train,cell1313.png,Validation,cell1593.png,2
Train,cell1313.png,Validation,cell1158.png,4
Train,cell1313.png,Validation,cell0369.png,3
Train,cell1313.png,Validation,cell1594.png,4
Train,cell2206.png,Validation,cell2153.png,4
Train,cell2066.png,Validation,cell2068.png,3
Train,cell1518.png,Validation,cell1519.png,1
Train,cell1462.png,Validation,cell0903.png,4
Train,cell1462.png,Validation,cell1158.png,4
Train,cell1074.png,Validation,cell1071.png,1
Train,cell1375.png,Validation,cell0931.png,2
Train,cell1375.png,Validation,cell0997.png,3
Train,cell1491.png,Validation,cell0963.png,4
Train,cell1491.png,Validation,cell0910.png,4
Train,cell1491.png,Validation,cell1109.png,4
Train,cell0080.png,Validation,cell0072.png,3
Train,cell1276.png,Validation,cell1061.png,1
Train,cell1276.png,Validation,cell0582.png,3
Train,cell1276.png,Validation,cell1256.png,1
Train,cell1276.png,Validation,cell0368.png,4
Train,cell1276.png,Validation,cell2238.png,3
Train,cell1088.png,Validation,cell1084.png,4
Train,cell1088.png,Validation,cell0939.png,4
Train,cell1010.png,Validation,cell1275.png,3
Train,cell0940.png,Validation,cell1084.png,4
Train,cell0940.png,Validation,cell1096.png,4
Train,cell0940.png,Validation,cell1593.png,3
Train,cell0940.png,Validation,cell0939.png,4
Train,cell0940.png,Validation,cell0369.png,4
Train,cell0940.png,Validation,cell1275.png,4
Train,cell2361.png,Validation,cell2360.png,2
Train,cell1605.png,Validation,cell1191.png,3
Train,cell1521.png,Validation,cell1519.png,3
Train,cell0845.png,Validation,cell0843.png,4
Train,cell1253.png,Validation,cell1238.png,4
Train,cell1253.png,Validation,cell1241.png,4
Train,cell1253.png,Validation,cell1158.png,3
Train,cell1253.png,Validation,cell0369.png,4
Train,cell1253.png,Validation,cell1146.png,3
Train,cell0976.png,Validation,cell1071.png,4
Train,cell1564.png,Validation,cell1504.png,3
Train,cell1564.png,Validation,cell1563.png,3
Train,cell1546.png,Validation,cell1514.png,1
Train,cell1546.png,Validation,cell1609.png,2
Train,cell1546.png,Validation,cell1586.png,4
Train,cell1546.png,Validation,cell1593.png,4
Train,cell1546.png,Validation,cell1158.png,4
Train,cell1546.png,Validation,cell1594.png,4
Train,cell2551.png,Validation,cell2550.png,4
Train,cell1423.png,Validation,cell1109.png,4
Train,cell1076.png,Validation,cell1071.png,3
Train,cell1828.png,Validation,cell1787.png,4
Train,cell0960.png,Validation,cell0939.png,4
Train,cell0960.png,Validation,cell2438.png,4
Train,cell2428.png,Validation,cell0986.png,4
Train,cell1142.png,Validation,cell1504.png,4
Train,cell1142.png,Validation,cell1563.png,4
Train,cell1250.png,Validation,cell1094.png,4
Train,cell1250.png,Validation,cell1609.png,4
Train,cell1250.png,Validation,cell1593.png,2
Train,cell1250.png,Validation,cell1400.png,4
Train,cell1250.png,Validation,cell1158.png,4
Train,cell1250.png,Validation,cell0369.png,3
Train,cell1250.png,Validation,cell1594.png,4
Train,cell1473.png,Validation,cell1427.png,4
Train,cell1473.png,Validation,cell1461.png,4
Train,cell1473.png,Validation,cell1474.png,3
Train,cell2250.png,Validation,cell2273.png,4
Train,cell2614.png,Validation,cell1593.png,4
Train,cell2614.png,Validation,cell2214.png,4
Train,cell0913.png,Validation,cell1096.png,4
Train,cell0913.png,Validation,cell1094.png,3
Train,cell0913.png,Validation,cell0919.png,3
Train,cell0437.png,Validation,cell0963.png,4
Train,cell1357.png,Validation,cell1337.png,2
Train,cell2167.png,Validation,cell2153.png,3
Train,cell2167.png,Validation,cell0963.png,3
Train,cell2167.png,Validation,cell0990.png,3
Train,cell1215.png,Validation,cell1498.png,4
Train,cell1215.png,Validation,cell1241.png,4
Train,cell1215.png,Validation,cell1593.png,3
Train,cell1215.png,Validation,cell1400.png,3
Train,cell1215.png,Validation,cell2235.png,4
Train,cell1215.png,Validation,cell0369.png,4
Train,cell1215.png,Validation,cell1427.png,4
Train,cell1215.png,Validation,cell1206.png,3
Train,cell1340.png,Validation,cell0909.png,4
Train,cell1340.png,Validation,cell0963.png,4
Train,cell1340.png,Validation,cell0990.png,2
Train,cell1340.png,Validation,cell0518.png,4
Train,cell1340.png,Validation,cell1337.png,3
Train,cell1340.png,Validation,cell1109.png,4
Train,cell1232.png,Validation,cell1058.png,4
Train,cell1232.png,Validation,cell1593.png,4
Train,cell1232.png,Validation,cell1228.png,4
Train,cell1232.png,Validation,cell1158.png,4
Train,cell1232.png,Validation,cell1594.png,4
Train,cell1232.png,Validation,cell1485.png,3
Train,cell1232.png,Validation,cell1461.png,3
Train,cell1062.png,Validation,cell0582.png,2
Train,cell1062.png,Validation,cell0550.png,4
Train,cell1062.png,Validation,cell1256.png,2
Train,cell1062.png,Validation,cell0368.png,3
Train,cell1062.png,Validation,cell2238.png,4
Train,cell2309.png,Validation,cell1767.png,2
Train,cell0538.png,Validation,cell0963.png,4
Train,cell0538.png,Validation,cell1128.png,4
Train,cell0538.png,Validation,cell1109.png,4
Train,cell0935.png,Validation,cell0931.png,3
Train,cell0935.png,Validation,cell0997.png,4
Train,cell1057.png,Validation,cell1096.png,4
Train,cell1057.png,Validation,cell1094.png,3
Train,cell1057.png,Validation,cell2247.png,4
Train,cell1057.png,Validation,cell1593.png,1
Train,cell1057.png,Validation,cell2255.png,4
Train,cell1057.png,Validation,cell2235.png,4
Train,cell1057.png,Validation,cell1158.png,3
Train,cell1057.png,Validation,cell0369.png,2
Train,cell1057.png,Validation,cell1575.png,4
Train,cell1057.png,Validation,cell1594.png,3
Train,cell1057.png,Validation,cell1275.png,4
Train,cell2213.png,Validation,cell1016.png,4
Train,cell1236.png,Validation,cell1593.png,4
Train,cell1236.png,Validation,cell1400.png,4
Train,cell1236.png,Validation,cell1158.png,4
Train,cell1236.png,Validation,cell0369.png,3
Train,cell1236.png,Validation,cell1206.png,4
Train,cell1014.png,Validation,cell1094.png,4
Train,cell1014.png,Validation,cell1593.png,4
Train,cell1014.png,Validation,cell1474.png,4
Train,cell1886.png,Validation,cell1866.png,4
Train,cell1244.png,Validation,cell1206.png,4
Train,cell1244.png,Validation,cell1245.png,3
Train,cell0984.png,Validation,cell1484.png,4
Train,cell0984.png,Validation,cell0963.png,3
Train,cell1358.png,Validation,cell0963.png,4
Train,cell1612.png,Validation,cell1586.png,3
Train,cell1612.png,Validation,cell1593.png,3
Train,cell1612.png,Validation,cell0369.png,4
Train,cell1612.png,Validation,cell1594.png,3
Train,cell1054.png,Validation,cell0997.png,2
Train,cell0908.png,Validation,cell0910.png,1
Train,cell1157.png,Validation,cell1096.png,4
Train,cell1157.png,Validation,cell1094.png,3
Train,cell1157.png,Validation,cell1514.png,4
Train,cell1157.png,Validation,cell1058.png,3
Train,cell1157.png,Validation,cell2247.png,4
Train,cell1157.png,Validation,cell1586.png,3
Train,cell1157.png,Validation,cell1593.png,1
Train,cell1157.png,Validation,cell2255.png,4
Train,cell1157.png,Validation,cell2235.png,4
Train,cell1157.png,Validation,cell2275.png,4
Train,cell1157.png,Validation,cell1158.png,1
Train,cell1157.png,Validation,cell0369.png,2
Train,cell1157.png,Validation,cell1594.png,1
Train,cell1157.png,Validation,cell1485.png,4
Train,cell1216.png,Validation,cell1238.png,4
Train,cell1216.png,Validation,cell1498.png,4
Train,cell1216.png,Validation,cell1241.png,4
Train,cell1216.png,Validation,cell0369.png,4
Train,cell1216.png,Validation,cell1427.png,4
Train,cell1216.png,Validation,cell1206.png,3
Train,cell1736.png,Validation,cell2321.png,4
Train,cell1252.png,Validation,cell1241.png,4
Train,cell1252.png,Validation,cell1593.png,3
Train,cell1252.png,Validation,cell1400.png,3
Train,cell1252.png,Validation,cell2235.png,4
Train,cell1252.png,Validation,cell0369.png,4
Train,cell1344.png,Validation,cell0518.png,2
Train,cell1202.png,Validation,cell1498.png,4
Train,cell1202.png,Validation,cell1241.png,4
Train,cell1202.png,Validation,cell1400.png,3
Train,cell1202.png,Validation,cell0369.png,4
Train,cell1202.png,Validation,cell1206.png,3
Train,cell1202.png,Validation,cell1245.png,4
Train,cell1202.png,Validation,cell1401.png,3
Train,cell1202.png,Validation,cell1109.png,4
Train,cell1566.png,Validation,cell1514.png,3
Train,cell1566.png,Validation,cell1609.png,2
Train,cell1566.png,Validation,cell1593.png,4
Train,cell1231.png,Validation,cell1400.png,4
Train,cell1231.png,Validation,cell1228.png,4
Train,cell1506.png,Validation,cell1514.png,3
Train,cell1506.png,Validation,cell1609.png,4
Train,cell1506.png,Validation,cell1586.png,2
Train,cell1506.png,Validation,cell1593.png,4
Train,cell1506.png,Validation,cell1158.png,4
Train,cell1506.png,Validation,cell1594.png,2
Train,cell1981.png,Validation,cell1977.png,4
Train,cell1981.png,Validation,cell1983.png,4
Train,cell1524.png,Validation,cell1542.png,4
Train,cell0906.png,Validation,cell0909.png,3
Train,cell0906.png,Validation,cell0903.png,4
Train,cell0906.png,Validation,cell0943.png,4
Train,cell1579.png,Validation,cell1186.png,3
Train,cell2059.png,Validation,cell2058.png,2
Train,cell2059.png,Validation,cell2035.png,4
Train,cell2443.png,Validation,cell1094.png,4
Train,cell2443.png,Validation,cell1593.png,2
Train,cell2443.png,Validation,cell0939.png,3
Train,cell2443.png,Validation,cell0903.png,4
Train,cell2443.png,Validation,cell1158.png,4
Train,cell2443.png,Validation,cell0369.png,3
Train,cell2443.png,Validation,cell0943.png,4
Train,cell2443.png,Validation,cell1594.png,4
Train,cell2443.png,Validation,cell1474.png,2
Train,cell1662.png,Validation,cell1664.png,3
Train,cell1134.png,Validation,cell1096.png,4
Train,cell1134.png,Validation,cell1094.png,3
Train,cell1134.png,Validation,cell1593.png,3
Train,cell1134.png,Validation,cell0369.png,4
Train,cell1060.png,Validation,cell0931.png,4
Train,cell0036.png,Validation,cell0449.png,4
Train,cell0036.png,Validation,cell0509.png,4
Train,cell0036.png,Validation,cell1593.png,3
Train,cell0036.png,Validation,cell0369.png,4
Train,cell0036.png,Validation,cell1427.png,4
Train,cell1520.png,Validation,cell1519.png,2
Train,cell1520.png,Validation,cell1148.png,4
Train,cell1110.png,Validation,cell0963.png,2
Train,cell1110.png,Validation,cell2283.png,4
Train,cell1110.png,Validation,cell0990.png,4
Train,cell1110.png,Validation,cell0031.png,4
Train,cell1110.png,Validation,cell2438.png,4
Train,cell1110.png,Validation,cell1337.png,3
Train,cell1110.png,Validation,cell1401.png,3
Train,cell1110.png,Validation,cell1109.png,2
Train,cell1314.png,Validation,cell1593.png,3
Train,cell1314.png,Validation,cell1158.png,3
Train,cell1314.png,Validation,cell0369.png,4
Train,cell1314.png,Validation,cell1308.png,3
Train,cell1314.png,Validation,cell1594.png,3
Train,cell1314.png,Validation,cell1485.png,2
Train,cell1362.png,Validation,cell0518.png,4
Train,cell1181.png,Validation,cell1175.png,3
Train,cell1181.png,Validation,cell1228.png,4
Train,cell1181.png,Validation,cell1146.png,4
Train,cell1181.png,Validation,cell1193.png,4
Train,cell1015.png,Validation,cell2235.png,4
Train,cell1380.png,Validation,cell0939.png,4
Train,cell1380.png,Validation,cell0943.png,3
Train,cell1380.png,Validation,cell1275.png,4
Train,cell1380.png,Validation,cell1474.png,3
Train,cell1472.png,Validation,cell1593.png,4
Train,cell1472.png,Validation,cell1400.png,4
Train,cell1472.png,Validation,cell1461.png,3
Train,cell1472.png,Validation,cell1474.png,4
Train,cell1614.png,Validation,cell1514.png,4
Train,cell1381.png,Validation,cell0963.png,4
Train,cell1488.png,Validation,cell1593.png,3
Train,cell1488.png,Validation,cell1400.png,3
Train,cell1488.png,Validation,cell2235.png,4
Train,cell1488.png,Validation,cell0369.png,4
Train,cell1488.png,Validation,cell1575.png,4
Train,cell1488.png,Validation,cell1461.png,4
Train,cell1488.png,Validation,cell1275.png,4
Train,cell0941.png,Validation,cell1096.png,1
Train,cell0941.png,Validation,cell1094.png,2
Train,cell0941.png,Validation,cell1593.png,2
Train,cell0941.png,Validation,cell0939.png,3
Train,cell0941.png,Validation,cell0903.png,4
Train,cell0941.png,Validation,cell1158.png,4
Train,cell0941.png,Validation,cell0369.png,3
Train,cell0941.png,Validation,cell2237.png,4
Train,cell0941.png,Validation,cell1308.png,4
Train,cell0941.png,Validation,cell0943.png,4
Train,cell0941.png,Validation,cell1594.png,4
Train,cell0914.png,Validation,cell1094.png,4
Train,cell0914.png,Validation,cell0919.png,2
Train,cell1273.png,Validation,cell1084.png,3
Train,cell1273.png,Validation,cell0939.png,3
Train,cell1273.png,Validation,cell0903.png,2
Train,cell1273.png,Validation,cell2438.png,3
Train,cell1273.png,Validation,cell0943.png,2
Train,cell1273.png,Validation,cell1474.png,4
Train,cell0938.png,Validation,cell1096.png,4
Train,cell0938.png,Validation,cell0939.png,2
Train,cell0938.png,Validation,cell0903.png,3
Train,cell0938.png,Validation,cell0943.png,3
Train,cell1136.png,Validation,cell1096.png,4
Train,cell1136.png,Validation,cell0931.png,4
Train,cell1581.png,Validation,cell1504.png,3
Train,cell1581.png,Validation,cell1563.png,3
Train,cell1581.png,Validation,cell1542.png,4
Train,cell2073.png,Validation,cell2068.png,3
Train,cell1447.png,Validation,cell1175.png,4
Train,cell1447.png,Validation,cell2247.png,4
Train,cell1447.png,Validation,cell1593.png,3
Train,cell1447.png,Validation,cell2235.png,4
Train,cell1447.png,Validation,cell2256.png,4
Train,cell1447.png,Validation,cell0369.png,4
Train,cell1447.png,Validation,cell1575.png,4
Train,cell1447.png,Validation,cell1461.png,4
Train,cell1447.png,Validation,cell1275.png,4
Train,cell1447.png,Validation,cell1474.png,3
Train,cell1063.png,Validation,cell1061.png,4
Train,cell1063.png,Validation,cell1256.png,4
Train,cell1978.png,Validation,cell1977.png,2
Train,cell1978.png,Validation,cell1983.png,4
Train,cell0874.png,Validation,cell0871.png,4
Train,cell1516.png,Validation,cell1148.png,4
Train,cell1724.png,Validation,cell1720.png,2
Train,cell1560.png,Validation,cell1542.png,3
Train,cell0322.png,Validation,cell0329.png,4
Train,cell2168.png,Validation,cell0963.png,4
Train,cell1153.png,Validation,cell1175.png,3
Train,cell1153.png,Validation,cell1058.png,4
Train,cell1153.png,Validation,cell1593.png,4
Train,cell1153.png,Validation,cell1228.png,2
Train,cell1153.png,Validation,cell1158.png,4
Train,cell1153.png,Validation,cell1146.png,4
Train,cell1153.png,Validation,cell1193.png,4
Train,cell1153.png,Validation,cell1594.png,4
Train,cell1339.png,Validation,cell0963.png,2
Train,cell1339.png,Validation,cell0990.png,2
Train,cell1339.png,Validation,cell0031.png,4
Train,cell1339.png,Validation,cell2438.png,4
Train,cell1339.png,Validation,cell1260.png,3
Train,cell1339.png,Validation,cell1337.png,3
Train,cell1339.png,Validation,cell1109.png,4
Train,cell2527.png,Validation,cell2529.png,4
Train,cell1537.png,Validation,cell1582.png,3
Train,cell1309.png,Validation,cell1096.png,3
Train,cell1309.png,Validation,cell1094.png,2
Train,cell1309.png,Validation,cell1593.png,4
Train,cell1309.png,Validation,cell1308.png,2
Train,cell1309.png,Validation,cell1485.png,3
Train,cell1080.png,Validation,cell1455.png,3
Train,cell2606.png,Validation,cell2214.png,2
Train,cell0425.png,Validation,cell0963.png,4
Train,cell1607.png,Validation,cell1514.png,1
Train,cell1607.png,Validation,cell1609.png,2
Train,cell1607.png,Validation,cell1586.png,4
Train,cell0904.png,Validation,cell0910.png,3
Train,cell2030.png,Validation,cell2068.png,3
Train,cell0967.png,Validation,cell1484.png,4
Train,cell0967.png,Validation,cell0963.png,3
Train,cell0967.png,Validation,cell0903.png,4
Train,cell0967.png,Validation,cell0943.png,4
Train,cell1199.png,Validation,cell1175.png,3
Train,cell1199.png,Validation,cell1400.png,4
Train,cell1199.png,Validation,cell1228.png,4
Train,cell1199.png,Validation,cell1146.png,4
Train,cell1199.png,Validation,cell1193.png,2
Train,cell1271.png,Validation,cell0997.png,4
Train,cell1194.png,Validation,cell1193.png,1
Train,cell1050.png,Validation,cell1061.png,4
Train,cell1359.png,Validation,cell0963.png,3
Train,cell1359.png,Validation,cell1337.png,2
Train,cell1359.png,Validation,cell1401.png,4
Train,cell1359.png,Validation,cell1109.png,3
Train,cell0966.png,Validation,cell0963.png,4
Train,cell0966.png,Validation,cell1109.png,4
Train,cell1248.png,Validation,cell1175.png,3
Train,cell1248.png,Validation,cell1228.png,4
Train,cell1248.png,Validation,cell1158.png,4
Train,cell1248.png,Validation,cell1146.png,2
Train,cell1248.png,Validation,cell1193.png,4
Train,cell2118.png,Validation,cell2101.png,4
Train,cell1005.png,Validation,cell0990.png,4
Train,cell1005.png,Validation,cell0518.png,4
Train,cell1098.png,Validation,cell1084.png,4
Train,cell1098.png,Validation,cell0963.png,4
Train,cell1098.png,Validation,cell0939.png,2
Train,cell1098.png,Validation,cell0903.png,3
Train,cell1098.png,Validation,cell2438.png,4
Train,cell1098.png,Validation,cell0369.png,4
Train,cell1098.png,Validation,cell0943.png,3
Train,cell1348.png,Validation,cell1094.png,4
Train,cell1348.png,Validation,cell0919.png,4
Train,cell1155.png,Validation,cell1175.png,4
Train,cell1155.png,Validation,cell1228.png,3
Train,cell1364.png,Validation,cell1337.png,4
Train,cell2060.png,Validation,cell2061.png,2
Train,cell1513.png,Validation,cell1514.png,4
Train,cell1513.png,Validation,cell1586.png,3
Train,cell1513.png,Validation,cell1594.png,3
Train,cell0330.png,Validation,cell0329.png,2
Train,cell1137.png,Validation,cell1096.png,3
Train,cell1137.png,Validation,cell1094.png,4
Train,cell1137.png,Validation,cell0919.png,4
Train,cell2148.png,Validation,cell0986.png,3
Train,cell1073.png,Validation,cell1071.png,4
Train,cell1415.png,Validation,cell1514.png,4
Train,cell1087.png,Validation,cell1293.png,4
Train,cell1087.png,Validation,cell1084.png,4
Train,cell1087.png,Validation,cell0939.png,2
Train,cell1087.png,Validation,cell0903.png,3
Train,cell1087.png,Validation,cell0943.png,3
Train,cell2444.png,Validation,cell2420.png,4
Train,cell1251.png,Validation,cell1241.png,4
Train,cell1251.png,Validation,cell1593.png,3
Train,cell1251.png,Validation,cell2235.png,4
Train,cell1251.png,Validation,cell1158.png,3
Train,cell1251.png,Validation,cell0369.png,2
Train,cell1251.png,Validation,cell1575.png,2
Train,cell1251.png,Validation,cell1275.png,4
Train,cell1066.png,Validation,cell1061.png,4
Train,cell1066.png,Validation,cell1046.png,4
Train,cell1066.png,Validation,cell0988.png,3
Train,cell1066.png,Validation,cell1256.png,4
Train,cell1066.png,Validation,cell0986.png,3
Train,cell1066.png,Validation,cell0985.png,4
Train,cell0060.png,Validation,cell2247.png,2
Train,cell0060.png,Validation,cell1593.png,3
Train,cell0060.png,Validation,cell2235.png,4
Train,cell0060.png,Validation,cell1158.png,3
Train,cell0060.png,Validation,cell0369.png,2
Train,cell1240.png,Validation,cell0449.png,4
Train,cell1240.png,Validation,cell1238.png,4
Train,cell1240.png,Validation,cell1241.png,4
Train,cell0965.png,Validation,cell1441.png,2
Train,cell0965.png,Validation,cell0369.png,4
Train,cell2306.png,Validation,cell1764.png,3
Train,cell2180.png,Validation,cell0963.png,3
Train,cell1343.png,Validation,cell0518.png,3
Train,cell1501.png,Validation,cell1563.png,3
Train,cell1501.png,Validation,cell1542.png,4
Train,cell1214.png,Validation,cell1400.png,4
Train,cell1214.png,Validation,cell1228.png,4
Train,cell2038.png,Validation,cell2058.png,4
Train,cell2038.png,Validation,cell2035.png,2
Train,cell0933.png,Validation,cell0953.png,4
Train,cell2418.png,Validation,cell2237.png,4
Train,cell2418.png,Validation,cell1275.png,3
Train,cell0033.png,Validation,cell0509.png,4
Train,cell0033.png,Validation,cell1593.png,3
Train,cell0033.png,Validation,cell1158.png,3
Train,cell0033.png,Validation,cell0369.png,4
Train,cell0033.png,Validation,cell1427.png,4
Train,cell0033.png,Validation,cell1594.png,3
Train,cell0033.png,Validation,cell1485.png,4
Train,cell1210.png,Validation,cell1175.png,3
Train,cell1210.png,Validation,cell1058.png,4
Train,cell1210.png,Validation,cell1593.png,4
Train,cell1210.png,Validation,cell1228.png,2
Train,cell1210.png,Validation,cell1158.png,4
Train,cell1210.png,Validation,cell1146.png,4
Train,cell1210.png,Validation,cell1193.png,4
Train,cell1210.png,Validation,cell1594.png,4
Train,cell2150.png,Validation,cell2149.png,4
Train,cell0901.png,Validation,cell1293.png,4
Train,cell0901.png,Validation,cell1084.png,4
Train,cell0901.png,Validation,cell0963.png,4
Train,cell0901.png,Validation,cell1351.png,4
Train,cell0901.png,Validation,cell0939.png,2
Train,cell0901.png,Validation,cell0903.png,1
Train,cell0901.png,Validation,cell2438.png,4
Train,cell0901.png,Validation,cell0943.png,1
Train,cell0901.png,Validation,cell0910.png,4
Train,cell0901.png,Validation,cell1275.png,4
Train,cell0901.png,Validation,cell1474.png,3
Train,cell2183.png,Validation,cell0518.png,4
Train,cell2183.png,Validation,cell0986.png,4
Train,cell0356.png,Validation,cell0357.png,3
Train,cell1744.png,Validation,cell1777.png,4
Train,cell1744.png,Validation,cell2321.png,4
Train,cell1213.png,Validation,cell1175.png,4
Train,cell1213.png,Validation,cell1228.png,3
Train,cell0929.png,Validation,cell0518.png,1
Train,cell1288.png,Validation,cell0997.png,4
Train,cell1000.png,Validation,cell1094.png,4
Train,cell1000.png,Validation,cell1593.png,2
Train,cell1000.png,Validation,cell1158.png,4
Train,cell1000.png,Validation,cell0369.png,3
Train,cell1000.png,Validation,cell2237.png,4
Train,cell1000.png,Validation,cell1594.png,4
Train,cell2233.png,Validation,cell2232.png,4
Train,cell1019.png,Validation,cell1593.png,4
Train,cell1053.png,Validation,cell1096.png,4
Train,cell1053.png,Validation,cell1094.png,3
Train,cell1053.png,Validation,cell1593.png,3
Train,cell1053.png,Validation,cell0369.png,4
Train,cell1053.png,Validation,cell1575.png,4
Train,cell1446.png,Validation,cell1485.png,4
Train,cell1446.png,Validation,cell1474.png,3
Train,cell1576.png,Validation,cell1563.png,4
Train,cell1453.png,Validation,cell1593.png,3
Train,cell1453.png,Validation,cell2275.png,4
Train,cell1453.png,Validation,cell1158.png,1
Train,cell1453.png,Validation,cell0369.png,2
Train,cell1453.png,Validation,cell1594.png,3
Train,cell1235.png,Validation,cell1238.png,3
Train,cell1235.png,Validation,cell1241.png,3
Train,cell1235.png,Validation,cell1593.png,4
Train,cell1235.png,Validation,cell1158.png,4
Train,cell1235.png,Validation,cell0369.png,3
Train,cell1235.png,Validation,cell1146.png,4
Train,cell1235.png,Validation,cell1206.png,4
Train,cell1235.png,Validation,cell1474.png,4
Train,cell1064.png,Validation,cell1061.png,2
Train,cell1064.png,Validation,cell0582.png,4
Train,cell1064.png,Validation,cell1256.png,2
Train,cell1064.png,Validation,cell2238.png,4
Train,cell1311.png,Validation,cell1593.png,4
Train,cell1311.png,Validation,cell0939.png,3
Train,cell1311.png,Validation,cell0903.png,4
Train,cell1311.png,Validation,cell2237.png,4
Train,cell1311.png,Validation,cell0943.png,4
Train,cell1149.png,Validation,cell1582.png,4
Train,cell1149.png,Validation,cell1148.png,4
Train,cell1149.png,Validation,cell1245.png,4
Train,cell2029.png,Validation,cell2068.png,3
Train,cell0922.png,Validation,cell0910.png,1
Train,cell1027.png,Validation,cell1061.png,1
Train,cell1027.png,Validation,cell0582.png,3
Train,cell1027.png,Validation,cell1256.png,3
Train,cell1027.png,Validation,cell1542.png,4
Train,cell1027.png,Validation,cell0368.png,4
Train,cell2249.png,Validation,cell2273.png,4
Train,cell1511.png,Validation,cell1058.png,4
Train,cell1511.png,Validation,cell1586.png,4
Train,cell1511.png,Validation,cell1594.png,4
Train,cell1341.png,Validation,cell0518.png,4
Train,cell2094.png,Validation,cell2088.png,2
Train,cell2258.png,Validation,cell2238.png,4
Train,cell1201.png,Validation,cell1498.png,2
Train,cell1201.png,Validation,cell1148.png,4
Train,cell1201.png,Validation,cell1245.png,2
Train,cell1182.png,Validation,cell1563.png,4
Train,cell1182.png,Validation,cell1542.png,3
Train,cell1167.png,Validation,cell1238.png,4
Train,cell1167.png,Validation,cell1498.png,2
Train,cell1167.png,Validation,cell1241.png,4
Train,cell1167.png,Validation,cell1148.png,4
Train,cell1167.png,Validation,cell0369.png,4
Train,cell1167.png,Validation,cell1575.png,4
Train,cell1167.png,Validation,cell1206.png,3
Train,cell1167.png,Validation,cell1245.png,4
Train,cell1083.png,Validation,cell1293.png,3
Train,cell1083.png,Validation,cell1084.png,3
Train,cell1083.png,Validation,cell0903.png,4
Train,cell1083.png,Validation,cell0943.png,4
Train,cell0478.png,Validation,cell0963.png,2
Train,cell0478.png,Validation,cell0990.png,4
Train,cell0478.png,Validation,cell0031.png,2
Train,cell2560.png,Validation,cell2557.png,4
Train,cell0508.png,Validation,cell0518.png,2
Train,cell1287.png,Validation,cell0931.png,4
Train,cell1178.png,Validation,cell1175.png,4
Train,cell1178.png,Validation,cell2247.png,4
Train,cell1178.png,Validation,cell1593.png,3
Train,cell1178.png,Validation,cell2235.png,4
Train,cell1178.png,Validation,cell0369.png,4
Train,cell1178.png,Validation,cell1146.png,3
Train,cell1178.png,Validation,cell1474.png,3
Train,cell1740.png,Validation,cell2321.png,4
Train,cell0925.png,Validation,cell0903.png,4
Train,cell0925.png,Validation,cell0943.png,4
Train,cell0925.png,Validation,cell0910.png,3
Train,cell1490.png,Validation,cell0963.png,4
Train,cell1490.png,Validation,cell0903.png,3
Train,cell1490.png,Validation,cell1427.png,2
Train,cell1718.png,Validation,cell1720.png,4
Train,cell1267.png,Validation,cell1094.png,4
Train,cell2284.png,Validation,cell1777.png,4
Train,cell1106.png,Validation,cell0963.png,3
Train,cell1106.png,Validation,cell2438.png,3
Train,cell1106.png,Validation,cell1337.png,4
Train,cell1106.png,Validation,cell1401.png,4
Train,cell1106.png,Validation,cell1109.png,3
Train,cell0440.png,Validation,cell1061.png,4
Train,cell1198.png,Validation,cell0369.png,4
Train,cell2184.png,Validation,cell1061.png,2
Train,cell2184.png,Validation,cell0582.png,4
Train,cell2184.png,Validation,cell1256.png,4
Train,cell2184.png,Validation,cell0368.png,3
Train,cell1534.png,Validation,cell1526.png,4
Train,cell1584.png,Validation,cell1504.png,4
Train,cell1584.png,Validation,cell1563.png,4
Train,cell0501.png,Validation,cell1061.png,3
Train,cell0501.png,Validation,cell0368.png,4
Train,cell1557.png,Validation,cell1563.png,3
Train,cell1557.png,Validation,cell1542.png,2
Train,cell1212.png,Validation,cell1158.png,4
Train,cell1212.png,Validation,cell1146.png,2
Train,cell1042.png,Validation,cell1061.png,3
Train,cell1042.png,Validation,cell1256.png,3
Train,cell1289.png,Validation,cell1096.png,3
Train,cell1289.png,Validation,cell1094.png,4
Train,cell1289.png,Validation,cell1593.png,4
Train,cell1289.png,Validation,cell1308.png,4
Train,cell1102.png,Validation,cell2438.png,4
Train,cell0989.png,Validation,cell0963.png,4
Train,cell0989.png,Validation,cell0990.png,2
Train,cell0989.png,Validation,cell0518.png,4
Train,cell1207.png,Validation,cell1519.png,4
Train,cell1207.png,Validation,cell1245.png,4
Train,cell2319.png,Validation,cell1777.png,2
Train,cell2319.png,Validation,cell2321.png,4
Train,cell1118.png,Validation,cell1084.png,4
Train,cell1118.png,Validation,cell1096.png,4
Train,cell1118.png,Validation,cell1593.png,3
Train,cell1118.png,Validation,cell0939.png,2
Train,cell1118.png,Validation,cell0903.png,1
Train,cell1118.png,Validation,cell0369.png,4
Train,cell1118.png,Validation,cell0943.png,3
Train,cell1482.png,Validation,cell1484.png,2
Train,cell1482.png,Validation,cell0963.png,3
Train,cell1470.png,Validation,cell1593.png,4
Train,cell1470.png,Validation,cell1400.png,4
Train,cell1470.png,Validation,cell1461.png,3
Train,cell1470.png,Validation,cell1474.png,4
Train,cell1499.png,Validation,cell1245.png,4
Train,cell2032.png,Validation,cell2068.png,3
Train,cell1663.png,Validation,cell1664.png,4
Train,cell1285.png,Validation,cell1455.png,4
Train,cell1572.png,Validation,cell1514.png,4
Train,cell1572.png,Validation,cell1609.png,3
Train,cell1479.png,Validation,cell2159.png,3
Train,cell0004.png,Validation,cell1061.png,1
Train,cell0004.png,Validation,cell0582.png,3
Train,cell0004.png,Validation,cell1256.png,3
Train,cell0004.png,Validation,cell0368.png,4
Train,cell0004.png,Validation,cell2238.png,3
Train,cell2093.png,Validation,cell2088.png,3
Train,cell1161.png,Validation,cell1228.png,4
Train,cell1161.png,Validation,cell1146.png,4
Train,cell0486.png,Validation,cell1061.png,3
Train,cell0486.png,Validation,cell0368.png,4
Train,cell2259.png,Validation,cell1401.png,3
Train,cell2259.png,Validation,cell1109.png,4
Train,cell0918.png,Validation,cell0919.png,4
Train,cell1522.png,Validation,cell1542.png,2
Train,cell0503.png,Validation,cell1593.png,4
Train,cell0503.png,Validation,cell1158.png,4
Train,cell0503.png,Validation,cell1594.png,4
Train,cell1166.png,Validation,cell1593.png,3
Train,cell1166.png,Validation,cell1158.png,3
Train,cell1166.png,Validation,cell0369.png,2
Train,cell1166.png,Validation,cell1575.png,4
Train,cell1480.png,Validation,cell1484.png,4
Train,cell1480.png,Validation,cell0963.png,3
Train,cell1444.png,Validation,cell1275.png,4
Train,cell2229.png,Validation,cell2247.png,4
Train,cell2229.png,Validation,cell2235.png,4
Train,cell2229.png,Validation,cell2256.png,4
Train,cell2069.png,Validation,cell2072.png,3
Train,cell1254.png,Validation,cell1158.png,4
Train,cell1438.png,Validation,cell1094.png,4
Train,cell1438.png,Validation,cell1593.png,2
Train,cell1438.png,Validation,cell1158.png,4
Train,cell1438.png,Validation,cell0369.png,3
Train,cell1438.png,Validation,cell1308.png,4
Train,cell1438.png,Validation,cell1594.png,4
Train,cell1269.png,Validation,cell1094.png,4
Train,cell1269.png,Validation,cell1308.png,4
Train,cell1269.png,Validation,cell1485.png,3
Train,cell0428.png,Validation,cell1061.png,4
Train,cell0428.png,Validation,cell1256.png,4
Train,cell0428.png,Validation,cell2238.png,4
Train,cell1775.png,Validation,cell1777.png,1
Train,cell1246.png,Validation,cell1400.png,4
Train,cell1246.png,Validation,cell1228.png,4
Train,cell2252.png,Validation,cell2247.png,4
Train,cell2317.png,Validation,cell1777.png,1
Train,cell1115.png,Validation,cell0931.png,2
Train,cell1115.png,Validation,cell0953.png,4
Train,cell1115.png,Validation,cell0997.png,3
Train,cell1115.png,Validation,cell1055.png,4
Train,cell1338.png,Validation,cell0963.png,2
Train,cell1338.png,Validation,cell0990.png,2
Train,cell1338.png,Validation,cell0031.png,4
Train,cell1338.png,Validation,cell2438.png,4
Train,cell1338.png,Validation,cell1260.png,3
Train,cell1338.png,Validation,cell1337.png,3
Train,cell1338.png,Validation,cell1109.png,4
Train,cell1270.png,Validation,cell1094.png,4
Train,cell1270.png,Validation,cell1290.png,4
Train,cell1270.png,Validation,cell0997.png,4
Train,cell1069.png,Validation,cell0582.png,2
Train,cell1069.png,Validation,cell0550.png,4
Train,cell1069.png,Validation,cell1256.png,2
Train,cell1069.png,Validation,cell0368.png,3
Train,cell1069.png,Validation,cell2238.png,4
Train,cell1099.png,Validation,cell1094.png,4
Train,cell1099.png,Validation,cell1593.png,2
Train,cell1099.png,Validation,cell0939.png,3
Train,cell1099.png,Validation,cell0903.png,4
Train,cell1099.png,Validation,cell1158.png,4
Train,cell1099.png,Validation,cell0369.png,3
Train,cell1099.png,Validation,cell0943.png,4
Train,cell1099.png,Validation,cell1594.png,4
Train,cell1099.png,Validation,cell1474.png,2
Train,cell0994.png,Validation,cell1419.png,3
Train,cell1140.png,Validation,cell1593.png,3
Train,cell1140.png,Validation,cell0369.png,4
Train,cell1119.png,Validation,cell0939.png,3
Train,cell1119.png,Validation,cell0943.png,4
Train,cell0936.png,Validation,cell1094.png,4
Train,cell0936.png,Validation,cell0931.png,3
Train,cell0936.png,Validation,cell0997.png,2
Train,cell2158.png,Validation,cell1260.png,4
Train,cell2158.png,Validation,cell1337.png,4
Train,cell1538.png,Validation,cell1542.png,4
Train,cell1418.png,Validation,cell1094.png,4
Train,cell1418.png,Validation,cell1609.png,4
Train,cell1418.png,Validation,cell1593.png,2
Train,cell1418.png,Validation,cell1158.png,4
Train,cell1418.png,Validation,cell0369.png,3
Train,cell1418.png,Validation,cell1594.png,4
Train,cell1418.png,Validation,cell1474.png,4
Train,cell1032.png,Validation,cell1443.png,4
Train,cell1032.png,Validation,cell1593.png,3
Train,cell1032.png,Validation,cell0369.png,4
Train,cell1405.png,Validation,cell1096.png,4
Train,cell1405.png,Validation,cell1094.png,3
Train,cell1405.png,Validation,cell2247.png,4
Train,cell1405.png,Validation,cell1593.png,1
Train,cell1405.png,Validation,cell2255.png,4
Train,cell1405.png,Validation,cell2235.png,4
Train,cell1405.png,Validation,cell1158.png,3
Train,cell1405.png,Validation,cell0369.png,2
Train,cell1405.png,Validation,cell1594.png,3
Train,cell2230.png,Validation,cell1094.png,4
Train,cell2230.png,Validation,cell2227.png,4
Train,cell2230.png,Validation,cell2232.png,4
Train,cell1980.png,Validation,cell1977.png,1
Train,cell1562.png,Validation,cell1563.png,4
Train,cell1562.png,Validation,cell1542.png,1
Train,cell0930.png,Validation,cell0518.png,4
Train,cell0911.png,Validation,cell0953.png,4
Train,cell2102.png,Validation,cell2101.png,3
Train,cell2401.png,Validation,cell1593.png,4
Train,cell2401.png,Validation,cell1158.png,4
Train,cell2401.png,Validation,cell0369.png,3
Train,cell1184.png,Validation,cell1498.png,3
Train,cell1184.png,Validation,cell1206.png,4
Train,cell1360.png,Validation,cell0518.png,3
Train,cell1360.png,Validation,cell1337.png,4
Train,cell1569.png,Validation,cell1514.png,2
Train,cell1569.png,Validation,cell1609.png,3
Train,cell0928.png,Validation,cell0518.png,2
Train,cell0983.png,Validation,cell0990.png,3
Train,cell2231.png,Validation,cell1096.png,2
Train,cell2231.png,Validation,cell1094.png,1
Train,cell2231.png,Validation,cell1058.png,3
Train,cell2231.png,Validation,cell2247.png,4
Train,cell2231.png,Validation,cell1593.png,1
Train,cell2231.png,Validation,cell2255.png,4
Train,cell2231.png,Validation,cell2235.png,4
Train,cell2231.png,Validation,cell1158.png,3
Train,cell2231.png,Validation,cell0369.png,2
Train,cell2231.png,Validation,cell1594.png,3
Train,cell2231.png,Validation,cell1485.png,4
Train,cell1385.png,Validation,cell1260.png,4
Train,cell1523.png,Validation,cell1519.png,3
Train,cell1972.png,Validation,cell1969.png,3
Train,cell2407.png,Validation,cell1593.png,4
Train,cell0926.png,Validation,cell1096.png,4
Train,cell1017.png,Validation,cell1593.png,4
Train,cell1017.png,Validation,cell1400.png,4
Train,cell1017.png,Validation,cell2214.png,4
Train,cell1508.png,Validation,cell1514.png,4
Train,cell1604.png,Validation,cell1061.png,3
Train,cell1604.png,Validation,cell1542.png,2
Train,cell1573.png,Validation,cell1514.png,2
Train,cell1573.png,Validation,cell1609.png,3
Train,cell1234.png,Validation,cell1241.png,3
Train,cell1234.png,Validation,cell1593.png,4
Train,cell1234.png,Validation,cell1158.png,4
Train,cell1234.png,Validation,cell0369.png,3
Train,cell1234.png,Validation,cell1206.png,4
Train,cell1543.png,Validation,cell1542.png,3
Train,cell1471.png,Validation,cell1593.png,4
Train,cell1471.png,Validation,cell1400.png,4
Train,cell1471.png,Validation,cell1461.png,3
Train,cell1471.png,Validation,cell1474.png,4
Train,cell2089.png,Validation,cell2088.png,2
Train,cell1549.png,Validation,cell1545.png,3
Train,cell1180.png,Validation,cell1058.png,4
Train,cell1180.png,Validation,cell1593.png,4
Train,cell1180.png,Validation,cell1158.png,4
Train,cell1180.png,Validation,cell2237.png,4
Train,cell1180.png,Validation,cell1146.png,4
Train,cell1180.png,Validation,cell1193.png,4
Train,cell1180.png,Validation,cell1594.png,4
Train,cell1180.png,Validation,cell1474.png,4
Train,cell2419.png,Validation,cell1094.png,4
Train,cell2419.png,Validation,cell0509.png,3
Train,cell2419.png,Validation,cell1593.png,2
Train,cell2419.png,Validation,cell0903.png,4
Train,cell2419.png,Validation,cell1158.png,4
Train,cell2419.png,Validation,cell0369.png,3
Train,cell2419.png,Validation,cell1308.png,4
Train,cell2419.png,Validation,cell1594.png,4
Train,cell2403.png,Validation,cell2235.png,4
Train,cell2403.png,Validation,cell0369.png,4
Train,cell1272.png,Validation,cell0939.png,4
Train,cell2274.png,Validation,cell2247.png,4
Train,cell2274.png,Validation,cell2235.png,4
Train,cell2274.png,Validation,cell2256.png,4
Train,cell1336.png,Validation,cell1061.png,2
Train,cell1336.png,Validation,cell0582.png,4
Train,cell1336.png,Validation,cell1563.png,4
Train,cell1336.png,Validation,cell2238.png,2
Train,cell0917.png,Validation,cell0509.png,4
Train,cell0917.png,Validation,cell1593.png,3
Train,cell0917.png,Validation,cell0939.png,4
Train,cell0917.png,Validation,cell0903.png,3
Train,cell0917.png,Validation,cell0369.png,4
Train,cell0917.png,Validation,cell1427.png,4
Train,cell0937.png,Validation,cell1096.png,3
Train,cell0937.png,Validation,cell1094.png,4
Train,cell0937.png,Validation,cell1593.png,4
Train,cell0937.png,Validation,cell1308.png,4
Train,cell1324.png,Validation,cell1256.png,4
Train,cell1324.png,Validation,cell2238.png,4
Train,cell2409.png,Validation,cell1016.png,4
Train,cell2409.png,Validation,cell1593.png,3
Train,cell2409.png,Validation,cell0369.png,4
Train,cell1602.png,Validation,cell1542.png,4
Train,cell2598.png,Validation,cell2602.png,4
Train,cell0504.png,Validation,cell0518.png,4
Train,cell1068.png,Validation,cell1061.png,2
Train,cell1068.png,Validation,cell0582.png,4
Train,cell1068.png,Validation,cell1256.png,4
Train,cell1070.png,Validation,cell0963.png,4
Train,cell1070.png,Validation,cell0990.png,4
Train,cell1070.png,Validation,cell1337.png,3
Train,cell1070.png,Validation,cell1109.png,4
Train,cell1493.png,Validation,cell0963.png,3
Train,cell1493.png,Validation,cell0903.png,4
Train,cell1493.png,Validation,cell2438.png,3
Train,cell1493.png,Validation,cell1260.png,2
Train,cell1493.png,Validation,cell0943.png,4
Train,cell1493.png,Validation,cell1337.png,4
Train,cell1493.png,Validation,cell1474.png,4
Train,cell1067.png,Validation,cell1061.png,2
Train,cell1067.png,Validation,cell0582.png,4
Train,cell1067.png,Validation,cell1256.png,2
Train,cell1067.png,Validation,cell2238.png,4
Train,cell0847.png,Validation,cell0864.png,4
Train,cell1120.png,Validation,cell1096.png,2
Train,cell1120.png,Validation,cell1094.png,3
Train,cell1120.png,Validation,cell1593.png,3
Train,cell1120.png,Validation,cell0939.png,4
Train,cell1120.png,Validation,cell0369.png,4
Train,cell1120.png,Validation,cell1461.png,4
Train,cell1120.png,Validation,cell1275.png,4
Train,cell1129.png,Validation,cell1128.png,4
Train,cell1463.png,Validation,cell1485.png,4
Train,cell1591.png,Validation,cell1058.png,2
Train,cell1591.png,Validation,cell1593.png,4
Train,cell1591.png,Validation,cell1158.png,4
Train,cell1591.png,Validation,cell1594.png,4
Train,cell2276.png,Validation,cell1094.png,4
Train,cell2276.png,Validation,cell1593.png,4
Train,cell2276.png,Validation,cell2237.png,4
Train,cell1117.png,Validation,cell1096.png,3
Train,cell1117.png,Validation,cell1094.png,4
Train,cell1117.png,Validation,cell1593.png,4
Train,cell1117.png,Validation,cell0939.png,3
Train,cell1117.png,Validation,cell0903.png,4
Train,cell1117.png,Validation,cell0943.png,4
Train,cell1595.png,Validation,cell1593.png,3
Train,cell1595.png,Validation,cell1158.png,3
Train,cell1595.png,Validation,cell0369.png,2
Train,cell2028.png,Validation,cell2068.png,3
Train,cell1312.png,Validation,cell1096.png,4
Train,cell2241.png,Validation,cell2239.png,3
Train,cell2241.png,Validation,cell2237.png,4
Train,cell0977.png,Validation,cell1058.png,4
Train,cell0977.png,Validation,cell1593.png,4
Train,cell0977.png,Validation,cell1158.png,4
Train,cell0977.png,Validation,cell1594.png,4
Train,cell1043.png,Validation,cell1061.png,2
Train,cell1043.png,Validation,cell0582.png,4
Train,cell1043.png,Validation,cell1256.png,2
Train,cell1043.png,Validation,cell2238.png,4
Train,cell1517.png,Validation,cell1519.png,1
Train,cell1183.png,Validation,cell1593.png,4
Train,cell1183.png,Validation,cell1400.png,4
Train,cell1183.png,Validation,cell1575.png,3
Train,cell1601.png,Validation,cell1061.png,4
Train,cell1601.png,Validation,cell1563.png,4
Train,cell0702.png,Validation,cell1061.png,4
Train,cell0981.png,Validation,cell1046.png,4
Train,cell2004.png,Validation,cell2003.png,3
Train,cell1156.png,Validation,cell1175.png,4
Train,cell1156.png,Validation,cell1545.png,4
Train,cell1156.png,Validation,cell1228.png,3
Train,cell1135.png,Validation,cell1094.png,4
Train,cell1135.png,Validation,cell0919.png,4
Train,cell1135.png,Validation,cell0997.png,4
Train,cell1247.png,Validation,cell1175.png,3
Train,cell1247.png,Validation,cell1400.png,4
Train,cell1247.png,Validation,cell1228.png,4
Train,cell1247.png,Validation,cell1146.png,4
Train,cell1247.png,Validation,cell1193.png,4
Train,cell0537.png,Validation,cell1071.png,3
Train,cell1089.png,Validation,cell1293.png,3
Train,cell1089.png,Validation,cell1484.png,4
Train,cell1089.png,Validation,cell0939.png,3
Train,cell1089.png,Validation,cell0903.png,2
Train,cell1089.png,Validation,cell0943.png,2
Train,cell1089.png,Validation,cell1474.png,4
Train,cell2155.png,Validation,cell1484.png,4
Train,cell2155.png,Validation,cell0963.png,3
Train,cell2155.png,Validation,cell0990.png,3
Train,cell1233.png,Validation,cell1593.png,4
Train,cell1233.png,Validation,cell1158.png,4
Train,cell1233.png,Validation,cell0369.png,3
Train,cell1086.png,Validation,cell1084.png,3
Train,cell1086.png,Validation,cell0939.png,3
Train,cell1086.png,Validation,cell0903.png,4
Train,cell1086.png,Validation,cell0943.png,4
Train,cell1568.png,Validation,cell1514.png,3
Train,cell1568.png,Validation,cell1609.png,2
Train,cell1568.png,Validation,cell1593.png,4
Train,cell0290.png,Validation,cell0289.png,4
Train,cell1237.png,Validation,cell0449.png,4
Train,cell1237.png,Validation,cell1241.png,4
Train,cell0332.png,Validation,cell0329.png,2
Train,cell2075.png,Validation,cell2078.png,3
Train,cell2411.png,Validation,cell1593.png,4
Train,cell2411.png,Validation,cell1308.png,4
Train,cell2411.png,Validation,cell1594.png,4
Train,cell1218.png,Validation,cell1241.png,4
Train,cell1218.png,Validation,cell1158.png,3
Train,cell1218.png,Validation,cell0369.png,4
Train,cell1464.png,Validation,cell2159.png,4
Train,cell1464.png,Validation,cell0903.png,2
Train,cell1464.png,Validation,cell0943.png,4
Train,cell1464.png,Validation,cell1401.png,4
Train,cell0015.png,Validation,cell0963.png,3
Train,cell1174.png,Validation,cell1514.png,4
Train,cell2192.png,Validation,cell0990.png,3
Train,cell2234.png,Validation,cell1593.png,4
Train,cell1342.png,Validation,cell0518.png,3
Train,cell1342.png,Validation,cell1256.png,4
Train,cell1342.png,Validation,cell2238.png,4
Train,cell2406.png,Validation,cell1593.png,4
Train,cell1616.png,Validation,cell1617.png,3
Train,cell1131.png,Validation,cell1094.png,4
Train,cell1131.png,Validation,cell0997.png,4
Train,cell0247.png,Validation,cell0289.png,4
Train,cell1481.png,Test,cell1107.png,1
Train,cell1481.png,Test,cell1217.png,4
Train,cell1481.png,Test,cell0946.png,1
Train,cell1481.png,Test,cell2442.png,3
Train,cell1481.png,Test,cell0950.png,3
Train,cell1481.png,Test,cell2147.png,3
Train,cell1481.png,Test,cell1363.png,3
Train,cell1481.png,Test,cell1286.png,3
Train,cell1481.png,Test,cell0923.png,4
Train,cell1481.png,Test,cell0009.png,2
Train,cell1266.png,Test,cell0946.png,4
Train,cell1266.png,Test,cell0950.png,2
Train,cell1262.png,Test,cell1258.png,4
Train,cell1578.png,Test,cell1500.png,4
Train,cell1176.png,Test,cell1249.png,3
Train,cell1176.png,Test,cell1230.png,4
Train,cell1176.png,Test,cell1229.png,4
Train,cell1176.png,Test,cell1424.png,4
Train,cell1176.png,Test,cell1211.png,4
Train,cell1176.png,Test,cell1200.png,4
Train,cell2039.png,Test,cell2041.png,2
Train,cell1154.png,Test,cell0480.png,2
Train,cell1154.png,Test,cell1608.png,4
Train,cell1154.png,Test,cell1509.png,4
Train,cell1154.png,Test,cell1249.png,2
Train,cell1154.png,Test,cell1592.png,3
Train,cell1154.png,Test,cell1163.png,4
Train,cell1154.png,Test,cell1611.png,4
Train,cell1154.png,Test,cell1230.png,3
Train,cell1154.png,Test,cell1229.png,3
Train,cell1154.png,Test,cell1587.png,3
Train,cell1154.png,Test,cell1570.png,4
Train,cell1154.png,Test,cell1211.png,3
Train,cell1422.png,Test,cell1107.png,3
Train,cell1422.png,Test,cell0946.png,3
Train,cell1422.png,Test,cell0009.png,4
Train,cell0346.png,Test,cell0344.png,2
Train,cell0346.png,Test,cell0305.png,4
Train,cell1313.png,Test,cell0480.png,2
Train,cell1313.png,Test,cell1249.png,4
Train,cell1313.png,Test,cell1163.png,4
Train,cell1313.png,Test,cell1611.png,4
Train,cell1313.png,Test,cell1229.png,3
Train,cell1313.png,Test,cell1138.png,4
Train,cell2066.png,Test,cell2033.png,3
Train,cell2066.png,Test,cell2031.png,3
Train,cell2450.png,Test,cell2451.png,4
Train,cell1462.png,Test,cell1217.png,4
Train,cell1462.png,Test,cell2147.png,3
Train,cell1462.png,Test,cell0923.png,4
Train,cell1375.png,Test,cell2269.png,4
Train,cell1491.png,Test,cell1107.png,2
Train,cell1491.png,Test,cell0946.png,4
Train,cell1491.png,Test,cell1363.png,4
Train,cell2282.png,Test,cell1742.png,3
Train,cell1276.png,Test,cell2208.png,3
Train,cell1276.png,Test,cell1030.png,1
Train,cell1276.png,Test,cell1023.png,1
Train,cell1276.png,Test,cell1047.png,1
Train,cell1276.png,Test,cell0426.png,3
Train,cell1088.png,Test,cell1112.png,4
Train,cell1088.png,Test,cell0946.png,4
Train,cell1088.png,Test,cell1286.png,4
Train,cell1010.png,Test,cell1139.png,4
Train,cell0940.png,Test,cell0480.png,3
Train,cell0940.png,Test,cell1112.png,4
Train,cell0940.png,Test,cell1274.png,4
Train,cell0940.png,Test,cell1139.png,3
Train,cell0940.png,Test,cell1093.png,4
Train,cell0940.png,Test,cell1138.png,3
Train,cell1539.png,Test,cell1544.png,4
Train,cell1075.png,Test,cell0975.png,4
Train,cell1253.png,Test,cell1217.png,3
Train,cell1253.png,Test,cell1164.png,4
Train,cell1253.png,Test,cell1203.png,2
Train,cell1253.png,Test,cell1211.png,4
Train,cell1546.png,Test,cell0480.png,4
Train,cell1546.png,Test,cell1608.png,2
Train,cell1546.png,Test,cell1509.png,4
Train,cell1546.png,Test,cell1249.png,4
Train,cell1546.png,Test,cell1592.png,3
Train,cell1546.png,Test,cell1571.png,4
Train,cell1546.png,Test,cell1570.png,4
Train,cell1076.png,Test,cell0975.png,4
Train,cell0960.png,Test,cell0932.png,4
Train,cell0960.png,Test,cell1112.png,4
Train,cell0960.png,Test,cell2442.png,4
Train,cell1250.png,Test,cell0480.png,2
Train,cell1250.png,Test,cell1217.png,4
Train,cell1250.png,Test,cell1249.png,4
Train,cell1250.png,Test,cell1163.png,4
Train,cell1250.png,Test,cell1611.png,4
Train,cell1250.png,Test,cell1203.png,3
Train,cell1250.png,Test,cell1229.png,3
Train,cell1250.png,Test,cell2253.png,4
Train,cell1473.png,Test,cell1230.png,4
Train,cell1473.png,Test,cell1402.png,3
Train,cell1473.png,Test,cell1229.png,4
Train,cell1473.png,Test,cell1424.png,2
Train,cell1473.png,Test,cell1458.png,3
Train,cell2614.png,Test,cell0480.png,4
Train,cell0913.png,Test,cell1100.png,4
Train,cell0913.png,Test,cell1093.png,4
Train,cell0913.png,Test,cell1113.png,4
Train,cell0437.png,Test,cell1107.png,4
Train,cell0437.png,Test,cell0946.png,4
Train,cell0437.png,Test,cell1286.png,4
Train,cell1357.png,Test,cell1107.png,3
Train,cell1357.png,Test,cell1363.png,1
Train,cell1357.png,Test,cell0982.png,3
Train,cell1357.png,Test,cell0009.png,4
Train,cell2167.png,Test,cell2189.png,4
Train,cell1215.png,Test,cell0480.png,3
Train,cell1215.png,Test,cell1003.png,4
Train,cell1215.png,Test,cell1170.png,3
Train,cell1215.png,Test,cell1217.png,1
Train,cell1215.png,Test,cell1164.png,2
Train,cell1215.png,Test,cell1203.png,2
Train,cell1215.png,Test,cell0946.png,4
Train,cell1215.png,Test,cell2147.png,4
Train,cell1215.png,Test,cell1424.png,4
Train,cell1340.png,Test,cell1107.png,2
Train,cell1340.png,Test,cell0946.png,4
Train,cell1340.png,Test,cell1363.png,2
Train,cell1340.png,Test,cell0982.png,2
Train,cell1340.png,Test,cell0009.png,3
Train,cell2384.png,Test,cell2383.png,3
Train,cell1232.png,Test,cell0480.png,4
Train,cell1232.png,Test,cell1249.png,2
Train,cell1232.png,Test,cell1230.png,1
Train,cell1232.png,Test,cell2236.png,4
Train,cell1232.png,Test,cell1402.png,2
Train,cell1232.png,Test,cell1229.png,3
Train,cell1232.png,Test,cell1424.png,3
Train,cell1232.png,Test,cell1587.png,3
Train,cell1232.png,Test,cell1211.png,3
Train,cell1062.png,Test,cell2208.png,2
Train,cell1062.png,Test,cell1047.png,2
Train,cell1062.png,Test,cell0426.png,2
Train,cell0538.png,Test,cell1107.png,2
Train,cell0538.png,Test,cell0946.png,4
Train,cell0538.png,Test,cell2147.png,4
Train,cell0538.png,Test,cell1363.png,4
Train,cell0538.png,Test,cell0923.png,3
Train,cell1057.png,Test,cell0480.png,1
Train,cell1057.png,Test,cell1249.png,3
Train,cell1057.png,Test,cell1592.png,4
Train,cell1057.png,Test,cell1139.png,3
Train,cell1057.png,Test,cell1203.png,4
Train,cell1057.png,Test,cell1230.png,4
Train,cell1057.png,Test,cell1100.png,4
Train,cell1057.png,Test,cell2236.png,3
Train,cell1057.png,Test,cell1229.png,2
Train,cell1057.png,Test,cell1093.png,4
Train,cell1057.png,Test,cell1424.png,2
Train,cell1057.png,Test,cell1587.png,2
Train,cell1057.png,Test,cell1211.png,4
Train,cell1057.png,Test,cell1113.png,4
Train,cell1794.png,Test,cell1793.png,2
Train,cell1236.png,Test,cell0480.png,4
Train,cell1236.png,Test,cell1170.png,4
Train,cell1236.png,Test,cell1217.png,2
Train,cell1236.png,Test,cell1164.png,3
Train,cell1236.png,Test,cell1203.png,3
Train,cell1014.png,Test,cell0480.png,4
Train,cell1014.png,Test,cell0489.png,4
Train,cell1014.png,Test,cell1424.png,3
Train,cell1244.png,Test,cell1170.png,2
Train,cell1244.png,Test,cell1217.png,4
Train,cell1244.png,Test,cell1164.png,3
Train,cell2305.png,Test,cell1763.png,1
Train,cell0984.png,Test,cell1107.png,3
Train,cell0984.png,Test,cell1217.png,4
Train,cell0984.png,Test,cell0946.png,3
Train,cell0984.png,Test,cell1286.png,3
Train,cell0984.png,Test,cell0009.png,4
Train,cell1358.png,Test,cell1107.png,4
Train,cell1358.png,Test,cell0946.png,4
Train,cell1358.png,Test,cell1363.png,4
Train,cell1358.png,Test,cell0009.png,3
Train,cell1612.png,Test,cell1610.png,4
Train,cell1612.png,Test,cell0480.png,3
Train,cell1612.png,Test,cell1611.png,1
Train,cell2008.png,Test,cell2007.png,4
Train,cell1836.png,Test,cell2335.png,4
Train,cell1836.png,Test,cell2328.png,4
Train,cell1157.png,Test,cell0480.png,1
Train,cell1157.png,Test,cell1608.png,3
Train,cell1157.png,Test,cell1249.png,3
Train,cell1157.png,Test,cell1592.png,2
Train,cell1157.png,Test,cell2269.png,4
Train,cell1157.png,Test,cell1203.png,4
Train,cell1157.png,Test,cell1230.png,4
Train,cell1157.png,Test,cell1100.png,4
Train,cell1157.png,Test,cell1229.png,4
Train,cell1157.png,Test,cell1093.png,4
Train,cell1157.png,Test,cell1424.png,4
Train,cell1157.png,Test,cell1587.png,2
Train,cell1157.png,Test,cell1211.png,4
Train,cell1216.png,Test,cell1170.png,3
Train,cell1216.png,Test,cell1217.png,1
Train,cell1216.png,Test,cell1164.png,2
Train,cell1216.png,Test,cell1203.png,2
Train,cell1216.png,Test,cell2147.png,4
Train,cell1216.png,Test,cell1424.png,4
Train,cell1252.png,Test,cell0480.png,3
Train,cell1252.png,Test,cell1003.png,4
Train,cell1252.png,Test,cell1217.png,3
Train,cell1252.png,Test,cell1164.png,4
Train,cell1252.png,Test,cell1203.png,2
Train,cell1252.png,Test,cell1229.png,4
Train,cell1252.png,Test,cell1424.png,4
Train,cell1202.png,Test,cell1170.png,3
Train,cell1202.png,Test,cell1107.png,4
Train,cell1202.png,Test,cell1217.png,1
Train,cell1202.png,Test,cell1164.png,2
Train,cell1202.png,Test,cell1203.png,2
Train,cell1202.png,Test,cell2147.png,4
Train,cell1566.png,Test,cell0480.png,4
Train,cell1566.png,Test,cell1608.png,4
Train,cell1566.png,Test,cell1611.png,4
Train,cell1566.png,Test,cell1571.png,2
Train,cell1231.png,Test,cell1249.png,2
Train,cell1231.png,Test,cell1230.png,1
Train,cell1231.png,Test,cell1402.png,4
Train,cell1231.png,Test,cell1229.png,3
Train,cell1231.png,Test,cell1211.png,3
Train,cell1506.png,Test,cell1610.png,3
Train,cell1506.png,Test,cell0480.png,4
Train,cell1506.png,Test,cell1608.png,2
Train,cell1506.png,Test,cell1592.png,3
Train,cell2059.png,Test,cell2041.png,3
Train,cell2443.png,Test,cell0480.png,2
Train,cell2443.png,Test,cell1092.png,4
Train,cell2443.png,Test,cell1112.png,3
Train,cell2443.png,Test,cell1139.png,2
Train,cell2443.png,Test,cell1041.png,4
Train,cell2443.png,Test,cell1138.png,2
Train,cell2443.png,Test,cell1458.png,4
Train,cell2443.png,Test,cell0923.png,4
Train,cell1662.png,Test,cell1620.png,4
Train,cell1662.png,Test,cell1644.png,2
Train,cell1979.png,Test,cell1998.png,2
Train,cell1134.png,Test,cell0480.png,3
Train,cell1134.png,Test,cell1100.png,4
Train,cell1134.png,Test,cell1093.png,4
Train,cell1134.png,Test,cell1113.png,2
Train,cell1558.png,Test,cell1170.png,4
Train,cell1558.png,Test,cell1217.png,4
Train,cell1060.png,Test,cell1229.png,4
Train,cell0036.png,Test,cell0480.png,3
Train,cell0036.png,Test,cell1003.png,4
Train,cell0036.png,Test,cell1217.png,3
Train,cell0036.png,Test,cell1164.png,4
Train,cell0036.png,Test,cell1203.png,4
Train,cell0036.png,Test,cell0946.png,4
Train,cell0036.png,Test,cell1286.png,4
Train,cell1533.png,Test,cell1570.png,4
Train,cell1110.png,Test,cell0946.png,2
Train,cell1110.png,Test,cell2442.png,4
Train,cell1110.png,Test,cell0950.png,4
Train,cell1110.png,Test,cell2147.png,4
Train,cell1110.png,Test,cell1363.png,2
Train,cell1110.png,Test,cell1286.png,4
Train,cell1110.png,Test,cell0923.png,3
Train,cell1110.png,Test,cell0982.png,4
Train,cell1110.png,Test,cell0009.png,3
Train,cell1314.png,Test,cell0480.png,3
Train,cell1314.png,Test,cell1592.png,4
Train,cell1314.png,Test,cell1230.png,4
Train,cell1314.png,Test,cell0497.png,3
Train,cell1314.png,Test,cell1587.png,4
Train,cell1181.png,Test,cell1417.png,4
Train,cell1181.png,Test,cell1249.png,2
Train,cell1181.png,Test,cell1230.png,3
Train,cell1181.png,Test,cell1402.png,4
Train,cell1181.png,Test,cell1229.png,3
Train,cell1181.png,Test,cell1424.png,3
Train,cell1181.png,Test,cell1211.png,3
Train,cell1181.png,Test,cell1200.png,3
Train,cell1015.png,Test,cell1424.png,4
Train,cell2501.png,Test,cell2502.png,4
Train,cell2501.png,Test,cell2499.png,2
Train,cell1588.png,Test,cell1509.png,4
Train,cell1380.png,Test,cell0932.png,4
Train,cell1380.png,Test,cell1139.png,3
Train,cell1380.png,Test,cell1041.png,3
Train,cell1380.png,Test,cell0950.png,4
Train,cell1380.png,Test,cell1424.png,4
Train,cell1380.png,Test,cell1458.png,3
Train,cell1472.png,Test,cell0480.png,4
Train,cell1472.png,Test,cell1144.png,4
Train,cell1472.png,Test,cell1217.png,4
Train,cell1472.png,Test,cell1249.png,4
Train,cell1472.png,Test,cell1230.png,3
Train,cell1472.png,Test,cell2236.png,4
Train,cell1472.png,Test,cell1402.png,2
Train,cell1472.png,Test,cell1229.png,3
Train,cell1472.png,Test,cell1424.png,1
Train,cell1472.png,Test,cell1458.png,4
Train,cell1995.png,Test,cell1998.png,1
Train,cell1381.png,Test,cell1107.png,4
Train,cell1381.png,Test,cell0946.png,4
Train,cell1381.png,Test,cell1286.png,4
Train,cell1488.png,Test,cell0480.png,3
Train,cell1488.png,Test,cell1003.png,4
Train,cell1488.png,Test,cell1217.png,3
Train,cell1488.png,Test,cell1164.png,4
Train,cell1488.png,Test,cell1203.png,4
Train,cell1488.png,Test,cell1230.png,4
Train,cell1488.png,Test,cell2236.png,3
Train,cell1488.png,Test,cell1402.png,3
Train,cell1488.png,Test,cell1229.png,4
Train,cell1488.png,Test,cell1424.png,2
Train,cell1488.png,Test,cell1587.png,4
Train,cell1488.png,Test,cell1458.png,3
Train,cell0941.png,Test,cell0480.png,2
Train,cell0941.png,Test,cell1139.png,4
Train,cell0941.png,Test,cell1100.png,3
Train,cell0941.png,Test,cell2236.png,4
Train,cell0941.png,Test,cell1093.png,1
Train,cell0941.png,Test,cell1138.png,4
Train,cell1999.png,Test,cell1998.png,1
Train,cell1759.png,Test,cell2301.png,1
Train,cell1273.png,Test,cell1112.png,3
Train,cell1273.png,Test,cell1139.png,4
Train,cell1273.png,Test,cell0946.png,3
Train,cell1273.png,Test,cell0950.png,3
Train,cell1273.png,Test,cell1138.png,4
Train,cell1273.png,Test,cell1458.png,4
Train,cell1273.png,Test,cell0923.png,4
Train,cell1169.png,Test,cell1144.png,4
Train,cell1169.png,Test,cell1170.png,2
Train,cell1169.png,Test,cell1217.png,4
Train,cell1169.png,Test,cell1164.png,3
Train,cell0938.png,Test,cell0932.png,4
Train,cell0938.png,Test,cell1112.png,4
Train,cell0938.png,Test,cell0946.png,4
Train,cell0938.png,Test,cell1093.png,4
Train,cell0938.png,Test,cell0950.png,2
Train,cell0938.png,Test,cell1286.png,4
Train,cell1136.png,Test,cell1093.png,4
Train,cell1136.png,Test,cell1113.png,4
Train,cell2073.png,Test,cell2033.png,3
Train,cell2073.png,Test,cell2031.png,3
Train,cell1447.png,Test,cell0480.png,3
Train,cell1447.png,Test,cell1249.png,3
Train,cell1447.png,Test,cell1203.png,4
Train,cell1447.png,Test,cell1230.png,4
Train,cell1447.png,Test,cell1402.png,3
Train,cell1447.png,Test,cell1229.png,2
Train,cell1447.png,Test,cell1587.png,4
Train,cell1447.png,Test,cell1211.png,4
Train,cell1447.png,Test,cell1200.png,4
Train,cell1063.png,Test,cell1030.png,4
Train,cell1063.png,Test,cell1023.png,4
Train,cell1063.png,Test,cell1047.png,4
Train,cell1541.png,Test,cell1544.png,4
Train,cell1516.png,Test,cell1544.png,3
Train,cell1724.png,Test,cell1723.png,3
Train,cell1006.png,Test,cell1217.png,4
Train,cell1873.png,Test,cell1874.png,4
Train,cell2168.png,Test,cell1107.png,4
Train,cell1153.png,Test,cell0480.png,4
Train,cell1153.png,Test,cell1417.png,4
Train,cell1153.png,Test,cell1230.png,1
Train,cell1153.png,Test,cell1402.png,4
Train,cell1153.png,Test,cell1229.png,1
Train,cell1153.png,Test,cell1424.png,3
Train,cell1153.png,Test,cell1587.png,3
Train,cell1153.png,Test,cell1570.png,4
Train,cell1153.png,Test,cell1211.png,1
Train,cell1153.png,Test,cell1200.png,3
Train,cell1339.png,Test,cell1352.png,4
Train,cell1339.png,Test,cell1107.png,2
Train,cell1339.png,Test,cell0946.png,2
Train,cell1339.png,Test,cell2442.png,4
Train,cell1339.png,Test,cell0950.png,4
Train,cell1339.png,Test,cell2147.png,4
Train,cell1339.png,Test,cell1363.png,2
Train,cell1339.png,Test,cell1286.png,4
Train,cell1339.png,Test,cell0982.png,4
Train,cell1339.png,Test,cell0009.png,3
Train,cell0583.png,Test,cell0584.png,4
Train,cell1309.png,Test,cell0480.png,4
Train,cell1309.png,Test,cell1100.png,3
Train,cell1309.png,Test,cell2236.png,4
Train,cell1309.png,Test,cell1093.png,3
Train,cell0425.png,Test,cell1107.png,4
Train,cell0425.png,Test,cell0946.png,4
Train,cell0425.png,Test,cell1029.png,4
Train,cell1607.png,Test,cell1610.png,3
Train,cell1607.png,Test,cell1608.png,2
Train,cell1607.png,Test,cell1509.png,4
Train,cell1607.png,Test,cell1571.png,4
Train,cell1044.png,Test,cell1065.png,2
Train,cell2070.png,Test,cell2033.png,4
Train,cell2070.png,Test,cell2031.png,4
Train,cell2030.png,Test,cell2033.png,1
Train,cell2030.png,Test,cell2031.png,3
Train,cell0967.png,Test,cell1107.png,3
Train,cell0967.png,Test,cell0946.png,3
Train,cell0967.png,Test,cell0950.png,3
Train,cell0967.png,Test,cell0923.png,4
Train,cell0967.png,Test,cell0009.png,4
Train,cell1049.png,Test,cell1024.png,4
Train,cell1049.png,Test,cell1047.png,3
Train,cell1199.png,Test,cell1417.png,4
Train,cell1199.png,Test,cell1249.png,2
Train,cell1199.png,Test,cell1230.png,3
Train,cell1199.png,Test,cell1402.png,4
Train,cell1199.png,Test,cell1229.png,3
Train,cell1199.png,Test,cell1424.png,3
Train,cell1199.png,Test,cell1211.png,3
Train,cell1199.png,Test,cell1200.png,3
Train,cell2001.png,Test,cell1998.png,2
Train,cell1194.png,Test,cell1424.png,4
Train,cell1050.png,Test,cell1030.png,4
Train,cell1050.png,Test,cell1023.png,4
Train,cell1359.png,Test,cell1107.png,1
Train,cell1359.png,Test,cell0050.png,4
Train,cell1359.png,Test,cell0946.png,3
Train,cell1359.png,Test,cell1363.png,1
Train,cell1359.png,Test,cell0923.png,4
Train,cell1359.png,Test,cell0982.png,3
Train,cell1359.png,Test,cell0009.png,2
Train,cell0966.png,Test,cell0968.png,4
Train,cell0966.png,Test,cell1107.png,4
Train,cell0966.png,Test,cell0946.png,4
Train,cell0966.png,Test,cell0950.png,4
Train,cell1248.png,Test,cell1417.png,4
Train,cell1248.png,Test,cell1249.png,2
Train,cell1248.png,Test,cell1230.png,3
Train,cell1248.png,Test,cell1402.png,4
Train,cell1248.png,Test,cell1229.png,3
Train,cell1248.png,Test,cell1424.png,3
Train,cell1248.png,Test,cell1211.png,1
Train,cell1248.png,Test,cell1200.png,3
Train,cell1005.png,Test,cell1107.png,4
Train,cell1005.png,Test,cell1363.png,4
Train,cell1005.png,Test,cell0982.png,4
Train,cell1098.png,Test,cell0932.png,2
Train,cell1098.png,Test,cell1107.png,4
Train,cell1098.png,Test,cell1112.png,2
Train,cell1098.png,Test,cell1139.png,3
Train,cell1098.png,Test,cell0946.png,4
Train,cell1098.png,Test,cell2442.png,4
Train,cell1098.png,Test,cell0950.png,4
Train,cell1098.png,Test,cell1138.png,3
Train,cell1098.png,Test,cell1286.png,4
Train,cell1348.png,Test,cell1114.png,4
Train,cell1155.png,Test,cell1249.png,1
Train,cell1155.png,Test,cell1230.png,2
Train,cell1155.png,Test,cell1229.png,2
Train,cell1155.png,Test,cell1424.png,4
Train,cell1155.png,Test,cell1587.png,4
Train,cell1155.png,Test,cell1211.png,2
Train,cell1155.png,Test,cell1200.png,4
Train,cell1364.png,Test,cell1107.png,3
Train,cell1364.png,Test,cell1363.png,3
Train,cell1364.png,Test,cell0982.png,3
Train,cell1364.png,Test,cell0009.png,2
Train,cell1513.png,Test,cell1509.png,3
Train,cell1513.png,Test,cell1587.png,4
Train,cell1547.png,Test,cell1509.png,4
Train,cell1137.png,Test,cell1093.png,3
Train,cell1137.png,Test,cell1138.png,4
Train,cell1769.png,Test,cell2311.png,3
Train,cell2148.png,Test,cell2160.png,4
Train,cell0337.png,Test,cell0339.png,3
Train,cell1415.png,Test,cell1249.png,3
Train,cell1415.png,Test,cell1592.png,4
Train,cell1415.png,Test,cell1230.png,4
Train,cell1415.png,Test,cell1229.png,4
Train,cell1415.png,Test,cell1587.png,4
Train,cell1415.png,Test,cell1211.png,4
Train,cell0812.png,Test,cell1144.png,4
Train,cell1087.png,Test,cell0932.png,4
Train,cell1087.png,Test,cell1112.png,2
Train,cell1087.png,Test,cell1139.png,3
Train,cell1087.png,Test,cell0946.png,4
Train,cell1087.png,Test,cell0950.png,4
Train,cell1087.png,Test,cell1138.png,3
Train,cell1087.png,Test,cell1286.png,4
Train,cell1251.png,Test,cell0480.png,3
Train,cell1251.png,Test,cell1217.png,3
Train,cell1251.png,Test,cell1164.png,4
Train,cell1251.png,Test,cell1203.png,2
Train,cell1251.png,Test,cell1229.png,4
Train,cell1251.png,Test,cell1424.png,2
Train,cell1251.png,Test,cell1587.png,4
Train,cell1251.png,Test,cell1211.png,4
Train,cell1066.png,Test,cell1065.png,4
Train,cell1066.png,Test,cell1030.png,4
Train,cell1066.png,Test,cell1023.png,4
Train,cell1066.png,Test,cell1047.png,4
Train,cell2074.png,Test,cell2033.png,4
Train,cell2074.png,Test,cell2031.png,4
Train,cell0060.png,Test,cell0480.png,3
Train,cell0060.png,Test,cell2269.png,4
Train,cell0060.png,Test,cell1203.png,4
Train,cell0060.png,Test,cell1229.png,4
Train,cell0060.png,Test,cell1424.png,4
Train,cell0060.png,Test,cell1211.png,4
Train,cell1240.png,Test,cell1217.png,3
Train,cell1240.png,Test,cell1164.png,4
Train,cell1240.png,Test,cell1203.png,4
Train,cell0965.png,Test,cell1277.png,4
Train,cell2180.png,Test,cell1107.png,3
Train,cell2471.png,Test,cell2473.png,3
Train,cell1132.png,Test,cell1113.png,4
Train,cell0854.png,Test,cell0858.png,4
Train,cell1688.png,Test,cell1727.png,2
Train,cell1078.png,Test,cell0975.png,4
Train,cell1214.png,Test,cell1249.png,2
Train,cell1214.png,Test,cell1230.png,1
Train,cell1214.png,Test,cell1402.png,4
Train,cell1214.png,Test,cell1229.png,3
Train,cell1214.png,Test,cell1211.png,3
Train,cell2038.png,Test,cell2041.png,3
Train,cell2418.png,Test,cell1139.png,4
Train,cell2418.png,Test,cell1041.png,4
Train,cell2418.png,Test,cell0923.png,4
Train,cell0033.png,Test,cell0480.png,3
Train,cell0033.png,Test,cell1592.png,4
Train,cell0033.png,Test,cell1230.png,4
Train,cell0033.png,Test,cell0497.png,3
Train,cell0033.png,Test,cell1587.png,4
Train,cell1210.png,Test,cell0480.png,4
Train,cell1210.png,Test,cell1417.png,4
Train,cell1210.png,Test,cell1230.png,1
Train,cell1210.png,Test,cell1402.png,4
Train,cell1210.png,Test,cell1229.png,1
Train,cell1210.png,Test,cell1424.png,3
Train,cell1210.png,Test,cell1587.png,3
Train,cell1210.png,Test,cell1570.png,4
Train,cell1210.png,Test,cell1211.png,1
Train,cell1210.png,Test,cell1200.png,3
Train,cell0901.png,Test,cell0932.png,4
Train,cell0901.png,Test,cell1107.png,4
Train,cell0901.png,Test,cell1112.png,2
Train,cell0901.png,Test,cell1139.png,3
Train,cell0901.png,Test,cell0946.png,2
Train,cell0901.png,Test,cell2442.png,4
Train,cell0901.png,Test,cell0950.png,2
Train,cell0901.png,Test,cell1138.png,3
Train,cell0901.png,Test,cell1286.png,4
Train,cell0901.png,Test,cell0923.png,3
Train,cell0356.png,Test,cell0359.png,4
Train,cell1744.png,Test,cell1779.png,2
Train,cell1213.png,Test,cell1249.png,1
Train,cell1213.png,Test,cell1230.png,2
Train,cell1213.png,Test,cell1229.png,2
Train,cell1213.png,Test,cell1424.png,4
Train,cell1213.png,Test,cell1587.png,4
Train,cell1213.png,Test,cell1211.png,2
Train,cell1213.png,Test,cell1200.png,4
Train,cell1000.png,Test,cell0480.png,2
Train,cell1000.png,Test,cell1100.png,3
Train,cell2233.png,Test,cell2269.png,3
Train,cell1019.png,Test,cell0480.png,4
Train,cell1053.png,Test,cell0480.png,3
Train,cell1053.png,Test,cell1100.png,4
Train,cell1053.png,Test,cell2236.png,3
Train,cell1053.png,Test,cell1229.png,4
Train,cell1053.png,Test,cell1093.png,4
Train,cell1053.png,Test,cell1424.png,4
Train,cell1053.png,Test,cell1587.png,4
Train,cell1053.png,Test,cell1113.png,4
Train,cell1446.png,Test,cell1424.png,4
Train,cell1749.png,Test,cell2291.png,2
Train,cell1453.png,Test,cell0480.png,3
Train,cell1453.png,Test,cell1592.png,4
Train,cell1453.png,Test,cell1203.png,4
Train,cell1453.png,Test,cell1587.png,4
Train,cell1453.png,Test,cell1211.png,4
Train,cell1235.png,Test,cell0480.png,4
Train,cell1235.png,Test,cell1577.png,4
Train,cell1235.png,Test,cell1170.png,4
Train,cell1235.png,Test,cell1217.png,2
Train,cell1235.png,Test,cell1164.png,3
Train,cell1235.png,Test,cell1203.png,1
Train,cell1235.png,Test,cell1424.png,3
Train,cell1064.png,Test,cell2208.png,4
Train,cell1064.png,Test,cell1030.png,2
Train,cell1064.png,Test,cell1023.png,2
Train,cell1064.png,Test,cell1047.png,2
Train,cell1064.png,Test,cell0426.png,4
Train,cell1311.png,Test,cell0480.png,4
Train,cell1311.png,Test,cell1112.png,3
Train,cell1311.png,Test,cell1139.png,4
Train,cell1311.png,Test,cell1138.png,4
Train,cell1311.png,Test,cell0923.png,4
Train,cell2029.png,Test,cell2033.png,3
Train,cell2029.png,Test,cell2031.png,1
Train,cell1027.png,Test,cell2208.png,3
Train,cell1027.png,Test,cell1030.png,1
Train,cell1027.png,Test,cell1023.png,1
Train,cell1027.png,Test,cell1047.png,3
Train,cell1027.png,Test,cell0426.png,3
Train,cell1511.png,Test,cell1509.png,4
Train,cell1511.png,Test,cell1249.png,4
Train,cell1341.png,Test,cell1263.png,4
Train,cell1341.png,Test,cell1363.png,4
Train,cell1341.png,Test,cell0982.png,4
Train,cell0578.png,Test,cell0580.png,3
Train,cell1201.png,Test,cell1170.png,1
Train,cell1201.png,Test,cell1217.png,3
Train,cell1201.png,Test,cell1164.png,2
Train,cell1201.png,Test,cell1203.png,4
Train,cell1636.png,Test,cell1620.png,4
Train,cell1636.png,Test,cell1644.png,4
Train,cell1182.png,Test,cell1544.png,4
Train,cell1167.png,Test,cell1170.png,1
Train,cell1167.png,Test,cell1217.png,1
Train,cell1167.png,Test,cell1203.png,2
Train,cell1167.png,Test,cell2147.png,4
Train,cell0478.png,Test,cell1107.png,4
Train,cell0478.png,Test,cell0946.png,4
Train,cell0478.png,Test,cell2147.png,4
Train,cell0478.png,Test,cell1363.png,4
Train,cell0478.png,Test,cell0982.png,4
Train,cell0478.png,Test,cell0009.png,3
Train,cell1321.png,Test,cell1319.png,4
Train,cell2124.png,Test,cell2123.png,3
Train,cell0508.png,Test,cell1363.png,4
Train,cell1287.png,Test,cell2269.png,4
Train,cell1178.png,Test,cell0480.png,3
Train,cell1178.png,Test,cell1249.png,3
Train,cell1178.png,Test,cell1203.png,4
Train,cell1178.png,Test,cell1230.png,4
Train,cell1178.png,Test,cell1229.png,2
Train,cell1178.png,Test,cell1424.png,2
Train,cell1178.png,Test,cell1211.png,4
Train,cell1178.png,Test,cell1200.png,4
Train,cell1322.png,Test,cell1319.png,4
Train,cell1490.png,Test,cell1003.png,4
Train,cell1490.png,Test,cell1107.png,4
Train,cell1490.png,Test,cell1217.png,3
Train,cell1490.png,Test,cell1164.png,4
Train,cell1490.png,Test,cell1203.png,4
Train,cell1490.png,Test,cell0946.png,2
Train,cell1490.png,Test,cell0950.png,4
Train,cell1490.png,Test,cell2147.png,4
Train,cell1490.png,Test,cell1286.png,4
Train,cell2284.png,Test,cell1742.png,2
Train,cell1106.png,Test,cell1107.png,1
Train,cell1106.png,Test,cell0946.png,3
Train,cell1106.png,Test,cell1363.png,3
Train,cell1106.png,Test,cell0923.png,4
Train,cell1106.png,Test,cell0009.png,4
Train,cell0440.png,Test,cell1030.png,4
Train,cell0440.png,Test,cell1023.png,4
Train,cell0440.png,Test,cell0426.png,2
Train,cell0440.png,Test,cell0536.png,4
Train,cell1198.png,Test,cell1203.png,4
Train,cell1198.png,Test,cell1424.png,4
Train,cell2184.png,Test,cell2160.png,4
Train,cell2184.png,Test,cell1030.png,2
Train,cell2184.png,Test,cell1023.png,2
Train,cell2184.png,Test,cell1047.png,2
Train,cell2184.png,Test,cell0426.png,4
Train,cell1534.png,Test,cell1610.png,4
Train,cell0501.png,Test,cell2208.png,1
Train,cell0501.png,Test,cell1030.png,3
Train,cell0501.png,Test,cell1023.png,3
Train,cell0501.png,Test,cell1047.png,3
Train,cell1212.png,Test,cell1217.png,4
Train,cell1212.png,Test,cell1249.png,4
Train,cell1212.png,Test,cell1230.png,3
Train,cell1212.png,Test,cell1402.png,4
Train,cell1212.png,Test,cell1211.png,3
Train,cell1510.png,Test,cell1509.png,3
Train,cell1510.png,Test,cell1589.png,4
Train,cell1510.png,Test,cell1587.png,4
Train,cell1042.png,Test,cell1024.png,4
Train,cell1042.png,Test,cell1030.png,3
Train,cell1042.png,Test,cell1023.png,3
Train,cell1042.png,Test,cell1047.png,3
Train,cell1289.png,Test,cell0480.png,4
Train,cell1289.png,Test,cell1093.png,3
Train,cell1289.png,Test,cell1138.png,4
Train,cell1102.png,Test,cell1107.png,4
Train,cell0989.png,Test,cell1363.png,4
Train,cell0989.png,Test,cell0982.png,2
Train,cell0989.png,Test,cell0009.png,3
Train,cell1207.png,Test,cell1170.png,3
Train,cell1207.png,Test,cell1164.png,4
Train,cell2319.png,Test,cell1742.png,4
Train,cell0345.png,Test,cell0344.png,1
Train,cell1118.png,Test,cell0480.png,3
Train,cell1118.png,Test,cell0932.png,4
Train,cell1118.png,Test,cell1112.png,2
Train,cell1118.png,Test,cell1139.png,3
Train,cell1118.png,Test,cell0946.png,4
Train,cell1118.png,Test,cell1093.png,4
Train,cell1118.png,Test,cell0950.png,4
Train,cell1118.png,Test,cell1138.png,3
Train,cell1118.png,Test,cell1286.png,4
Train,cell1482.png,Test,cell1107.png,3
Train,cell1482.png,Test,cell0946.png,3
Train,cell1482.png,Test,cell0009.png,4
Train,cell1470.png,Test,cell0480.png,4
Train,cell1470.png,Test,cell1144.png,4
Train,cell1470.png,Test,cell1217.png,4
Train,cell1470.png,Test,cell1249.png,4
Train,cell1470.png,Test,cell1230.png,3
Train,cell1470.png,Test,cell2236.png,4
Train,cell1470.png,Test,cell1402.png,2
Train,cell1470.png,Test,cell1229.png,3
Train,cell1470.png,Test,cell1424.png,1
Train,cell1470.png,Test,cell1458.png,4
Train,cell1499.png,Test,cell1577.png,3
Train,cell2032.png,Test,cell2033.png,3
Train,cell2032.png,Test,cell2031.png,1
Train,cell2272.png,Test,cell2270.png,4
Train,cell1572.png,Test,cell1611.png,3
Train,cell1572.png,Test,cell1571.png,1
Train,cell0004.png,Test,cell2208.png,3
Train,cell0004.png,Test,cell1030.png,1
Train,cell0004.png,Test,cell1023.png,1
Train,cell0004.png,Test,cell1047.png,3
Train,cell0004.png,Test,cell0426.png,1
Train,cell1834.png,Test,cell1830.png,4
Train,cell1161.png,Test,cell1249.png,2
Train,cell1161.png,Test,cell1230.png,3
Train,cell1161.png,Test,cell1229.png,3
Train,cell1161.png,Test,cell1211.png,3
Train,cell0486.png,Test,cell1030.png,3
Train,cell0486.png,Test,cell1023.png,3
Train,cell0486.png,Test,cell0426.png,3
Train,cell2259.png,Test,cell1107.png,4
Train,cell2259.png,Test,cell1363.png,4
Train,cell1522.png,Test,cell1503.png,3
Train,cell1522.png,Test,cell1544.png,3
Train,cell0503.png,Test,cell0480.png,4
Train,cell0503.png,Test,cell1608.png,4
Train,cell0503.png,Test,cell1592.png,3
Train,cell1166.png,Test,cell0480.png,3
Train,cell1166.png,Test,cell1164.png,4
Train,cell1166.png,Test,cell1203.png,4
Train,cell1166.png,Test,cell1100.png,4
Train,cell1480.png,Test,cell1107.png,3
Train,cell1480.png,Test,cell0946.png,3
Train,cell1480.png,Test,cell0009.png,4
Train,cell1444.png,Test,cell0932.png,4
Train,cell1444.png,Test,cell1139.png,3
Train,cell2229.png,Test,cell2269.png,4
Train,cell2229.png,Test,cell1229.png,4
Train,cell2229.png,Test,cell1424.png,2
Train,cell1254.png,Test,cell1217.png,4
Train,cell1438.png,Test,cell0480.png,2
Train,cell1438.png,Test,cell1249.png,4
Train,cell1438.png,Test,cell1139.png,4
Train,cell1438.png,Test,cell2236.png,4
Train,cell1438.png,Test,cell1229.png,3
Train,cell1438.png,Test,cell1424.png,3
Train,cell1438.png,Test,cell1587.png,3
Train,cell1438.png,Test,cell1458.png,4
Train,cell0428.png,Test,cell1030.png,4
Train,cell0428.png,Test,cell1023.png,4
Train,cell0428.png,Test,cell1047.png,4
Train,cell0428.png,Test,cell0426.png,2
Train,cell1246.png,Test,cell1249.png,2
Train,cell1246.png,Test,cell1230.png,1
Train,cell1246.png,Test,cell1402.png,4
Train,cell1246.png,Test,cell1229.png,3
Train,cell1246.png,Test,cell1211.png,3
Train,cell2252.png,Test,cell2269.png,4
Train,cell2452.png,Test,cell2453.png,4
Train,cell0025.png,Test,cell1217.png,4
Train,cell1420.png,Test,cell1417.png,4
Train,cell1115.png,Test,cell2269.png,4
Train,cell1115.png,Test,cell1113.png,4
Train,cell1338.png,Test,cell1352.png,4
Train,cell1338.png,Test,cell1107.png,2
Train,cell1338.png,Test,cell0946.png,2
Train,cell1338.png,Test,cell2442.png,4
Train,cell1338.png,Test,cell0950.png,4
Train,cell1338.png,Test,cell2147.png,4
Train,cell1338.png,Test,cell1363.png,2
Train,cell1338.png,Test,cell1286.png,4
Train,cell1338.png,Test,cell0982.png,4
Train,cell1338.png,Test,cell0009.png,3
Train,cell1069.png,Test,cell2208.png,2
Train,cell1069.png,Test,cell1047.png,2
Train,cell1069.png,Test,cell0426.png,2
Train,cell1099.png,Test,cell0480.png,2
Train,cell1099.png,Test,cell1092.png,4
Train,cell1099.png,Test,cell1112.png,3
Train,cell1099.png,Test,cell1139.png,2
Train,cell1099.png,Test,cell1041.png,4
Train,cell1099.png,Test,cell1138.png,2
Train,cell1099.png,Test,cell1458.png,4
Train,cell1099.png,Test,cell0923.png,4
Train,cell1754.png,Test,cell2296.png,2
Train,cell1140.png,Test,cell0480.png,3
Train,cell1140.png,Test,cell1100.png,4
Train,cell1119.png,Test,cell1112.png,3
Train,cell1538.png,Test,cell1544.png,3
Train,cell2195.png,Test,cell0982.png,4
Train,cell1418.png,Test,cell0480.png,2
Train,cell1418.png,Test,cell1249.png,4
Train,cell1418.png,Test,cell1163.png,4
Train,cell1418.png,Test,cell1611.png,4
Train,cell1418.png,Test,cell1139.png,4
Train,cell1418.png,Test,cell1229.png,3
Train,cell1418.png,Test,cell1138.png,4
Train,cell1032.png,Test,cell0480.png,3
Train,cell1032.png,Test,cell1139.png,3
Train,cell1032.png,Test,cell1203.png,4
Train,cell1032.png,Test,cell1229.png,4
Train,cell1032.png,Test,cell1424.png,4
Train,cell1032.png,Test,cell1587.png,4
Train,cell1165.png,Test,cell1249.png,3
Train,cell1165.png,Test,cell1230.png,4
Train,cell1165.png,Test,cell1229.png,4
Train,cell1165.png,Test,cell1211.png,4
Train,cell1405.png,Test,cell0480.png,1
Train,cell1405.png,Test,cell1592.png,4
Train,cell1405.png,Test,cell1203.png,4
Train,cell1405.png,Test,cell1100.png,4
Train,cell1405.png,Test,cell1229.png,4
Train,cell1405.png,Test,cell1093.png,4
Train,cell1405.png,Test,cell1424.png,4
Train,cell1405.png,Test,cell1138.png,3
Train,cell1405.png,Test,cell1587.png,4
Train,cell1405.png,Test,cell1113.png,4
Train,cell0011.png,Test,cell1029.png,3
Train,cell2230.png,Test,cell2269.png,3
Train,cell1562.png,Test,cell1544.png,4
Train,cell0930.png,Test,cell0927.png,4
Train,cell2401.png,Test,cell0480.png,4
Train,cell1184.png,Test,cell1170.png,2
Train,cell1184.png,Test,cell1217.png,2
Train,cell1184.png,Test,cell1164.png,1
Train,cell1184.png,Test,cell1203.png,3
Train,cell1360.png,Test,cell1363.png,3
Train,cell1360.png,Test,cell0982.png,3
Train,cell1360.png,Test,cell0009.png,4
Train,cell1569.png,Test,cell1608.png,3
Train,cell1569.png,Test,cell1592.png,4
Train,cell1569.png,Test,cell1611.png,3
Train,cell1569.png,Test,cell1571.png,3
Train,cell1552.png,Test,cell1550.png,4
Train,cell1896.png,Test,cell2335.png,4
Train,cell0928.png,Test,cell0927.png,4
Train,cell2231.png,Test,cell0480.png,1
Train,cell2231.png,Test,cell1592.png,4
Train,cell2231.png,Test,cell2269.png,4
Train,cell2231.png,Test,cell1203.png,4
Train,cell2231.png,Test,cell1100.png,2
Train,cell2231.png,Test,cell1229.png,4
Train,cell2231.png,Test,cell1093.png,2
Train,cell2231.png,Test,cell1424.png,4
Train,cell2231.png,Test,cell1587.png,4
Train,cell2231.png,Test,cell1113.png,4
Train,cell1385.png,Test,cell1217.png,4
Train,cell2407.png,Test,cell0480.png,4
Train,cell0926.png,Test,cell1093.png,4
Train,cell0064.png,Test,cell0065.png,3
Train,cell1002.png,Test,cell0982.png,4
Train,cell1017.png,Test,cell0480.png,4
Train,cell1017.png,Test,cell1217.png,4
Train,cell1017.png,Test,cell1203.png,3
Train,cell1017.png,Test,cell1424.png,3
Train,cell1508.png,Test,cell1509.png,3
Train,cell1508.png,Test,cell1589.png,4
Train,cell1508.png,Test,cell1587.png,4
Train,cell1604.png,Test,cell1030.png,3
Train,cell1604.png,Test,cell1023.png,3
Train,cell1573.png,Test,cell1608.png,3
Train,cell1573.png,Test,cell1592.png,4
Train,cell1573.png,Test,cell1571.png,3
Train,cell1234.png,Test,cell0480.png,4
Train,cell1234.png,Test,cell1577.png,4
Train,cell1234.png,Test,cell1170.png,4
Train,cell1234.png,Test,cell1217.png,2
Train,cell1234.png,Test,cell1164.png,3
Train,cell1234.png,Test,cell1203.png,1
Train,cell2057.png,Test,cell2041.png,4
Train,cell1543.png,Test,cell1544.png,2
Train,cell1762.png,Test,cell2304.png,2
Train,cell2299.png,Test,cell1760.png,4
Train,cell1471.png,Test,cell0480.png,4
Train,cell1471.png,Test,cell1144.png,4
Train,cell1471.png,Test,cell1217.png,4
Train,cell1471.png,Test,cell1249.png,4
Train,cell1471.png,Test,cell1230.png,3
Train,cell1471.png,Test,cell2236.png,4
Train,cell1471.png,Test,cell1402.png,2
Train,cell1471.png,Test,cell1229.png,3
Train,cell1471.png,Test,cell1424.png,1
Train,cell1471.png,Test,cell1458.png,4
Train,cell1549.png,Test,cell1550.png,4
Train,cell1180.png,Test,cell0480.png,4
Train,cell1180.png,Test,cell1249.png,4
Train,cell1180.png,Test,cell1402.png,4
Train,cell1180.png,Test,cell1424.png,3
Train,cell2419.png,Test,cell0480.png,2
Train,cell2419.png,Test,cell1217.png,4
Train,cell2419.png,Test,cell2236.png,4
Train,cell2419.png,Test,cell0497.png,4
Train,cell2403.png,Test,cell1203.png,4
Train,cell1272.png,Test,cell0932.png,4
Train,cell1272.png,Test,cell0950.png,4
Train,cell1272.png,Test,cell1286.png,4
Train,cell2274.png,Test,cell1229.png,4
Train,cell2274.png,Test,cell1424.png,2
Train,cell1336.png,Test,cell2208.png,4
Train,cell1336.png,Test,cell1030.png,2
Train,cell1336.png,Test,cell1023.png,2
Train,cell1336.png,Test,cell1047.png,2
Train,cell1336.png,Test,cell0426.png,4
Train,cell0917.png,Test,cell0480.png,3
Train,cell0917.png,Test,cell1112.png,4
Train,cell0917.png,Test,cell0946.png,4
Train,cell0917.png,Test,cell0950.png,4
Train,cell0917.png,Test,cell1286.png,4
Train,cell0937.png,Test,cell0480.png,4
Train,cell0937.png,Test,cell1093.png,3
Train,cell2409.png,Test,cell0480.png,3
Train,cell2409.png,Test,cell1592.png,4
Train,cell2409.png,Test,cell1587.png,4
Train,cell2303.png,Test,cell1761.png,1
Train,cell1068.png,Test,cell2208.png,4
Train,cell1068.png,Test,cell1030.png,2
Train,cell1068.png,Test,cell1023.png,2
Train,cell1068.png,Test,cell1047.png,4
Train,cell1068.png,Test,cell0426.png,4
Train,cell1070.png,Test,cell1107.png,2
Train,cell1070.png,Test,cell0946.png,4
Train,cell1070.png,Test,cell1363.png,2
Train,cell1070.png,Test,cell0982.png,4
Train,cell1493.png,Test,cell1107.png,3
Train,cell1493.png,Test,cell2439.png,4
Train,cell1493.png,Test,cell1217.png,4
Train,cell1493.png,Test,cell1139.png,4
Train,cell1493.png,Test,cell1203.png,3
Train,cell1493.png,Test,cell0946.png,3
Train,cell1493.png,Test,cell2442.png,3
Train,cell1493.png,Test,cell2147.png,3
Train,cell1493.png,Test,cell1138.png,4
Train,cell1493.png,Test,cell0923.png,4
Train,cell1493.png,Test,cell0009.png,4
Train,cell0328.png,Test,cell0339.png,3
Train,cell1067.png,Test,cell2208.png,4
Train,cell1067.png,Test,cell1030.png,2
Train,cell1067.png,Test,cell1023.png,2
Train,cell1067.png,Test,cell1047.png,2
Train,cell1067.png,Test,cell0426.png,4
Train,cell1120.png,Test,cell0480.png,3
Train,cell1120.png,Test,cell0932.png,4
Train,cell1120.png,Test,cell1139.png,3
Train,cell1120.png,Test,cell1100.png,4
Train,cell1120.png,Test,cell2236.png,3
Train,cell1120.png,Test,cell1229.png,4
Train,cell1120.png,Test,cell1093.png,2
Train,cell1120.png,Test,cell1424.png,4
Train,cell1120.png,Test,cell1587.png,4
Train,cell1120.png,Test,cell1113.png,4
Train,cell1129.png,Test,cell1107.png,4
Train,cell1591.png,Test,cell0480.png,4
Train,cell1591.png,Test,cell1509.png,4
Train,cell1591.png,Test,cell1249.png,4
Train,cell1591.png,Test,cell1587.png,3
Train,cell2276.png,Test,cell0480.png,4
Train,cell2276.png,Test,cell1100.png,3
Train,cell1117.png,Test,cell0480.png,4
Train,cell1117.png,Test,cell1139.png,4
Train,cell1117.png,Test,cell1093.png,3
Train,cell1117.png,Test,cell1138.png,2
Train,cell1255.png,Test,cell1319.png,4
Train,cell1595.png,Test,cell0480.png,3
Train,cell1595.png,Test,cell1203.png,4
Train,cell2028.png,Test,cell2033.png,3
Train,cell2028.png,Test,cell2031.png,3
Train,cell1312.png,Test,cell1274.png,4
Train,cell1312.png,Test,cell1093.png,4
Train,cell0977.png,Test,cell0480.png,4
Train,cell0977.png,Test,cell1587.png,3
Train,cell1043.png,Test,cell2208.png,2
Train,cell1043.png,Test,cell1030.png,2
Train,cell1043.png,Test,cell1023.png,2
Train,cell1043.png,Test,cell0426.png,4
Train,cell1183.png,Test,cell0480.png,4
Train,cell1183.png,Test,cell1170.png,4
Train,cell1183.png,Test,cell1217.png,4
Train,cell1183.png,Test,cell1164.png,3
Train,cell1183.png,Test,cell1203.png,3
Train,cell1183.png,Test,cell1424.png,3
Train,cell1601.png,Test,cell1030.png,4
Train,cell1601.png,Test,cell1023.png,4
Train,cell0702.png,Test,cell1030.png,4
Train,cell0702.png,Test,cell1023.png,4
Train,cell0981.png,Test,cell1024.png,3
Train,cell0981.png,Test,cell1029.png,3
Train,cell1156.png,Test,cell1249.png,1
Train,cell1156.png,Test,cell1230.png,2
Train,cell1156.png,Test,cell1229.png,2
Train,cell1156.png,Test,cell1424.png,4
Train,cell1156.png,Test,cell1587.png,4
Train,cell1156.png,Test,cell1211.png,2
Train,cell1156.png,Test,cell1200.png,2
Train,cell1135.png,Test,cell1113.png,3
Train,cell2514.png,Test,cell2513.png,3
Train,cell1247.png,Test,cell1417.png,4
Train,cell1247.png,Test,cell1249.png,2
Train,cell1247.png,Test,cell1230.png,3
Train,cell1247.png,Test,cell1402.png,4
Train,cell1247.png,Test,cell1229.png,3
Train,cell1247.png,Test,cell1424.png,3
Train,cell1247.png,Test,cell1211.png,3
Train,cell1247.png,Test,cell1200.png,3
Train,cell1089.png,Test,cell1112.png,3
Train,cell1089.png,Test,cell1139.png,4
Train,cell1089.png,Test,cell0946.png,3
Train,cell1089.png,Test,cell0950.png,3
Train,cell1089.png,Test,cell1138.png,4
Train,cell1089.png,Test,cell0923.png,4
Train,cell2155.png,Test,cell2189.png,4
Train,cell1233.png,Test,cell0480.png,4
Train,cell1233.png,Test,cell1217.png,4
Train,cell1233.png,Test,cell1203.png,3
Train,cell1086.png,Test,cell1112.png,3
Train,cell1086.png,Test,cell1139.png,4
Train,cell1086.png,Test,cell0946.png,3
Train,cell1086.png,Test,cell1138.png,4
Train,cell1086.png,Test,cell1286.png,3
Train,cell1568.png,Test,cell0480.png,4
Train,cell1568.png,Test,cell1574.png,4
Train,cell1568.png,Test,cell1608.png,4
Train,cell1568.png,Test,cell1611.png,4
Train,cell1568.png,Test,cell1571.png,2
Train,cell1583.png,Test,cell1500.png,3
Train,cell1583.png,Test,cell1544.png,3
Train,cell1237.png,Test,cell1217.png,3
Train,cell1237.png,Test,cell1164.png,4
Train,cell1237.png,Test,cell1203.png,4
Train,cell0332.png,Test,cell0339.png,3
Train,cell0332.png,Test,cell0340.png,3
Train,cell2411.png,Test,cell0480.png,4
Train,cell0081.png,Test,cell0061.png,2
Train,cell1218.png,Test,cell1203.png,4
Train,cell1218.png,Test,cell1211.png,4
Train,cell1464.png,Test,cell1139.png,4
Train,cell1464.png,Test,cell0946.png,3
Train,cell1464.png,Test,cell0950.png,3
Train,cell1464.png,Test,cell1458.png,4
Train,cell1464.png,Test,cell0923.png,4
Train,cell1825.png,Test,cell1827.png,2
Train,cell2192.png,Test,cell2156.png,4
Train,cell2192.png,Test,cell0982.png,3
Train,cell2192.png,Test,cell0009.png,4
Train,cell2116.png,Test,cell2123.png,3
Train,cell1257.png,Test,cell1258.png,2
Train,cell0541.png,Test,cell0543.png,3
Train,cell2254.png,Test,cell1092.png,4
Train,cell0334.png,Test,cell0338.png,3
Train,cell2234.png,Test,cell0480.png,4
Train,cell2234.png,Test,cell1217.png,4
Train,cell2234.png,Test,cell2253.png,4
Train,cell2300.png,Test,cell2301.png,3
Train,cell2300.png,Test,cell1760.png,4
Train,cell2300.png,Test,cell2302.png,3
Train,cell2300.png,Test,cell1758.png,3
Train,cell2406.png,Test,cell0480.png,4
Train,cell2406.png,Test,cell1587.png,3
Train,cell1131.png,Test,cell1113.png,3
Validation,cell0329.png,Test,cell0339.png,3
Validation,cell1293.png,Test,cell0946.png,4
Validation,cell1293.png,Test,cell0950.png,4
Validation,cell1084.png,Test,cell1112.png,4
Validation,cell1084.png,Test,cell0946.png,4
Validation,cell1084.png,Test,cell1286.png,4
Validation,cell1484.png,Test,cell2189.png,4
Validation,cell2460.png,Test,cell2461.png,4
Validation,cell1096.png,Test,cell0480.png,3
Validation,cell1096.png,Test,cell2269.png,4
Validation,cell1096.png,Test,cell1100.png,2
Validation,cell1096.png,Test,cell1113.png,4
Validation,cell1094.png,Test,cell0480.png,2
Validation,cell1094.png,Test,cell2269.png,3
Validation,cell1094.png,Test,cell1100.png,1
Validation,cell1094.png,Test,cell2236.png,4
Validation,cell1094.png,Test,cell1093.png,1
Validation,cell1094.png,Test,cell1113.png,3
Validation,cell1238.png,Test,cell1164.png,4
Validation,cell1238.png,Test,cell1203.png,4
Validation,cell1514.png,Test,cell1610.png,4
Validation,cell1514.png,Test,cell1608.png,1
Validation,cell1514.png,Test,cell1509.png,3
Validation,cell1514.png,Test,cell1592.png,4
Validation,cell1514.png,Test,cell1571.png,3
Validation,cell2321.png,Test,cell1779.png,4
Validation,cell1175.png,Test,cell1417.png,3
Validation,cell1175.png,Test,cell1249.png,3
Validation,cell1175.png,Test,cell1230.png,4
Validation,cell1175.png,Test,cell1229.png,4
Validation,cell1175.png,Test,cell1424.png,4
Validation,cell1175.png,Test,cell1211.png,4
Validation,cell1175.png,Test,cell1200.png,4
Validation,cell1545.png,Test,cell1200.png,4
Validation,cell1609.png,Test,cell1610.png,3
Validation,cell1609.png,Test,cell0480.png,4
Validation,cell1609.png,Test,cell1574.png,4
Validation,cell1609.png,Test,cell1608.png,2
Validation,cell1609.png,Test,cell1509.png,4
Validation,cell1609.png,Test,cell1611.png,4
Validation,cell1609.png,Test,cell1571.png,2
Validation,cell2068.png,Test,cell2033.png,4
Validation,cell2068.png,Test,cell2031.png,4
Validation,cell1058.png,Test,cell0480.png,4
Validation,cell1058.png,Test,cell1249.png,4
Validation,cell1058.png,Test,cell2269.png,3
Validation,cell1058.png,Test,cell1587.png,3
Validation,cell1443.png,Test,cell1003.png,4
Validation,cell0963.png,Test,cell1107.png,2
Validation,cell0963.png,Test,cell0946.png,2
Validation,cell0963.png,Test,cell2442.png,4
Validation,cell0963.png,Test,cell0950.png,4
Validation,cell0963.png,Test,cell2147.png,2
Validation,cell0963.png,Test,cell1363.png,4
Validation,cell0963.png,Test,cell1286.png,4
Validation,cell0963.png,Test,cell0982.png,4
Validation,cell0963.png,Test,cell0009.png,3
Validation,cell1498.png,Test,cell1170.png,3
Validation,cell1498.png,Test,cell1217.png,3
Validation,cell1498.png,Test,cell1164.png,2
Validation,cell1498.png,Test,cell1203.png,4
Validation,cell1498.png,Test,cell2147.png,4
Validation,cell1859.png,Test,cell1857.png,3
Validation,cell2247.png,Test,cell0480.png,3
Validation,cell2247.png,Test,cell2269.png,4
Validation,cell2247.png,Test,cell1229.png,4
Validation,cell2247.png,Test,cell1424.png,4
Validation,cell1351.png,Test,cell1352.png,4
Validation,cell1351.png,Test,cell0946.png,4
Validation,cell1351.png,Test,cell2442.png,4
Validation,cell1351.png,Test,cell0950.png,4
Validation,cell1586.png,Test,cell1610.png,3
Validation,cell1586.png,Test,cell0480.png,4
Validation,cell1586.png,Test,cell1608.png,2
Validation,cell1586.png,Test,cell1509.png,4
Validation,cell1586.png,Test,cell1611.png,4
Validation,cell1241.png,Test,cell1217.png,3
Validation,cell1241.png,Test,cell1164.png,4
Validation,cell1241.png,Test,cell1203.png,2
Validation,cell1593.png,Test,cell1608.png,4
Validation,cell1593.png,Test,cell1217.png,4
Validation,cell1593.png,Test,cell1249.png,4
Validation,cell1593.png,Test,cell1592.png,3
Validation,cell1593.png,Test,cell1163.png,4
Validation,cell1593.png,Test,cell1611.png,4
Validation,cell1593.png,Test,cell1139.png,4
Validation,cell1593.png,Test,cell1203.png,3
Validation,cell1593.png,Test,cell1100.png,3
Validation,cell1593.png,Test,cell2236.png,4
Validation,cell1593.png,Test,cell1229.png,3
Validation,cell1593.png,Test,cell2253.png,4
Validation,cell1593.png,Test,cell1093.png,3
Validation,cell1593.png,Test,cell1424.png,3
Validation,cell1593.png,Test,cell1138.png,4
Validation,cell1593.png,Test,cell1587.png,3
Validation,cell2283.png,Test,cell1741.png,1
Validation,cell2283.png,Test,cell1107.png,4
Validation,cell2283.png,Test,cell2320.png,3
Validation,cell2283.png,Test,cell1778.png,3
Validation,cell1603.png,Test,cell1597.png,3
Validation,cell0990.png,Test,cell1107.png,4
Validation,cell0990.png,Test,cell0946.png,4
Validation,cell0990.png,Test,cell2147.png,4
Validation,cell0990.png,Test,cell1363.png,4
Validation,cell0990.png,Test,cell0982.png,2
Validation,cell0990.png,Test,cell0009.png,3
Validation,cell1061.png,Test,cell2208.png,2
Validation,cell1061.png,Test,cell1047.png,2
Validation,cell1061.png,Test,cell0426.png,2
Validation,cell2227.png,Test,cell2269.png,3
Validation,cell1046.png,Test,cell1024.png,3
Validation,cell1046.png,Test,cell1029.png,3
Validation,cell0031.png,Test,cell1107.png,4
Validation,cell0031.png,Test,cell0946.png,4
Validation,cell0031.png,Test,cell2147.png,4
Validation,cell2255.png,Test,cell0480.png,3
Validation,cell1400.png,Test,cell1003.png,3
Validation,cell1400.png,Test,cell1217.png,4
Validation,cell0939.png,Test,cell0932.png,2
Validation,cell0939.png,Test,cell1112.png,2
Validation,cell0939.png,Test,cell1139.png,3
Validation,cell0939.png,Test,cell0946.png,4
Validation,cell0939.png,Test,cell1093.png,4
Validation,cell0939.png,Test,cell0950.png,2
Validation,cell0939.png,Test,cell1138.png,3
Validation,cell0939.png,Test,cell1286.png,4
Validation,cell2235.png,Test,cell0480.png,3
Validation,cell2235.png,Test,cell1203.png,4
Validation,cell2235.png,Test,cell2270.png,3
Validation,cell2235.png,Test,cell1424.png,4
Validation,cell0582.png,Test,cell2208.png,4
Validation,cell0582.png,Test,cell1030.png,2
Validation,cell0582.png,Test,cell1023.png,2
Validation,cell0582.png,Test,cell1047.png,4
Validation,cell0582.png,Test,cell0426.png,4
Validation,cell2256.png,Test,cell1424.png,4
Validation,cell0518.png,Test,cell1363.png,4
Validation,cell0518.png,Test,cell0982.png,4
Validation,cell1865.png,Test,cell1874.png,3
Validation,cell0076.png,Test,cell0078.png,3
Validation,cell1148.png,Test,cell1164.png,4
Validation,cell0550.png,Test,cell1030.png,4
Validation,cell0550.png,Test,cell1023.png,4
Validation,cell0357.png,Test,cell0359.png,1
Validation,cell0357.png,Test,cell0358.png,2
Validation,cell0903.png,Test,cell0480.png,4
Validation,cell0903.png,Test,cell1112.png,3
Validation,cell0903.png,Test,cell1139.png,4
Validation,cell0903.png,Test,cell0946.png,3
Validation,cell0903.png,Test,cell0950.png,3
Validation,cell0903.png,Test,cell1138.png,4
Validation,cell0903.png,Test,cell0923.png,4
Validation,cell2058.png,Test,cell2041.png,3
Validation,cell2438.png,Test,cell1107.png,4
Validation,cell2438.png,Test,cell0946.png,4
Validation,cell2438.png,Test,cell2442.png,2
Validation,cell1256.png,Test,cell2208.png,4
Validation,cell1256.png,Test,cell1030.png,2
Validation,cell1256.png,Test,cell1023.png,2
Validation,cell1256.png,Test,cell1047.png,2
Validation,cell1256.png,Test,cell0426.png,4
Validation,cell1542.png,Test,cell1544.png,3
Validation,cell1441.png,Test,cell1277.png,4
Validation,cell0101.png,Test,cell0094.png,4
Validation,cell1228.png,Test,cell1249.png,2
Validation,cell1228.png,Test,cell1230.png,3
Validation,cell1228.png,Test,cell1229.png,3
Validation,cell1228.png,Test,cell1570.png,4
Validation,cell1228.png,Test,cell1211.png,3
Validation,cell2273.png,Test,cell2270.png,4
Validation,cell1158.png,Test,cell0480.png,2
Validation,cell1158.png,Test,cell1608.png,4
Validation,cell1158.png,Test,cell1217.png,4
Validation,cell1158.png,Test,cell1249.png,4
Validation,cell1158.png,Test,cell1592.png,3
Validation,cell1158.png,Test,cell1203.png,3
Validation,cell1158.png,Test,cell1587.png,3
Validation,cell1158.png,Test,cell1211.png,3
Validation,cell0369.png,Test,cell0480.png,1
Validation,cell0369.png,Test,cell1217.png,3
Validation,cell0369.png,Test,cell1592.png,4
Validation,cell0369.png,Test,cell1164.png,4
Validation,cell0369.png,Test,cell1203.png,2
Validation,cell0369.png,Test,cell1100.png,4
Validation,cell0369.png,Test,cell1229.png,4
Validation,cell0369.png,Test,cell1093.png,4
Validation,cell0369.png,Test,cell1424.png,4
Validation,cell0369.png,Test,cell1587.png,4
Validation,cell0369.png,Test,cell1211.png,4
Validation,cell2237.png,Test,cell0480.png,4
Validation,cell2237.png,Test,cell0923.png,4
Validation,cell1308.png,Test,cell0480.png,4
Validation,cell1308.png,Test,cell2236.png,4
Validation,cell0943.png,Test,cell0932.png,3
Validation,cell0943.png,Test,cell0907.png,4
Validation,cell0943.png,Test,cell1112.png,3
Validation,cell0943.png,Test,cell1139.png,4
Validation,cell0943.png,Test,cell0946.png,3
Validation,cell0943.png,Test,cell0950.png,1
Validation,cell0943.png,Test,cell1138.png,4
Validation,cell0943.png,Test,cell0923.png,4
Validation,cell1427.png,Test,cell0946.png,4
Validation,cell1146.png,Test,cell1249.png,4
Validation,cell1146.png,Test,cell1211.png,3
Validation,cell1526.png,Test,cell1610.png,4
Validation,cell0368.png,Test,cell2208.png,3
Validation,cell0368.png,Test,cell1030.png,3
Validation,cell0368.png,Test,cell1023.png,3
Validation,cell1575.png,Test,cell1164.png,4
Validation,cell1575.png,Test,cell1203.png,4
Validation,cell1575.png,Test,cell1424.png,4
Validation,cell1206.png,Test,cell1170.png,4
Validation,cell1206.png,Test,cell1217.png,2
Validation,cell1206.png,Test,cell1164.png,3
Validation,cell1206.png,Test,cell1203.png,3
Validation,cell2238.png,Test,cell1030.png,4
Validation,cell2238.png,Test,cell1023.png,4
Validation,cell2238.png,Test,cell1047.png,4
Validation,cell2238.png,Test,cell0426.png,4
Validation,cell1720.png,Test,cell1723.png,3
Validation,cell1191.png,Test,cell1530.png,4
Validation,cell1245.png,Test,cell1170.png,3
Validation,cell1245.png,Test,cell1164.png,4
Validation,cell1337.png,Test,cell1107.png,3
Validation,cell1337.png,Test,cell1363.png,1
Validation,cell1337.png,Test,cell0982.png,3
Validation,cell1337.png,Test,cell0009.png,4
Validation,cell1401.png,Test,cell1107.png,3
Validation,cell1401.png,Test,cell1217.png,4
Validation,cell1193.png,Test,cell1249.png,4
Validation,cell2035.png,Test,cell2041.png,3
Validation,cell1594.png,Test,cell0480.png,2
Validation,cell1594.png,Test,cell1608.png,4
Validation,cell1594.png,Test,cell1249.png,4
Validation,cell1594.png,Test,cell1592.png,3
Validation,cell1594.png,Test,cell1611.png,4
Validation,cell1594.png,Test,cell1587.png,3
Validation,cell1664.png,Test,cell1644.png,1
Validation,cell1485.png,Test,cell2269.png,4
Validation,cell1485.png,Test,cell1230.png,4
Validation,cell1109.png,Test,cell1107.png,2
Validation,cell1109.png,Test,cell0946.png,4
Validation,cell1109.png,Test,cell2442.png,4
Validation,cell1109.png,Test,cell1363.png,4
Validation,cell1461.png,Test,cell1230.png,4
Validation,cell1461.png,Test,cell1402.png,3
Validation,cell1461.png,Test,cell1424.png,4
Validation,cell1275.png,Test,cell1139.png,3
Validation,cell1275.png,Test,cell1424.png,4
Validation,cell1474.png,Test,cell0480.png,4
Validation,cell1474.png,Test,cell1139.png,4
Validation,cell1474.png,Test,cell1041.png,4
Validation,cell1474.png,Test,cell1424.png,3
Validation,cell1474.png,Test,cell1138.png,4
Validation,cell1474.png,Test,cell1458.png,4
Validation,cell1474.png,Test,cell0923.png,4
