Bin,Lower,Upper,Count,Mean_Predicted_Probability,Observed_Defective_Rate,Calibration_Error
1,0.0,0.1,172,0.020574797179433894,0.05232558139534884,0.03175078421591494
2,0.1,0.2,32,0.13862535646875,0.25,0.11137464353125001
3,0.2,0.30000000000000004,15,0.24285133866666667,0.3333333333333333,0.09048199466666665
4,0.30000000000000004,0.4,11,0.3533355718181818,0.18181818181818182,0.17151739
5,0.4,0.5,5,0.429508578,0.2,0.22950857799999996
6,0.5,0.6000000000000001,12,0.55375649,0.5,0.053756490000000046
7,0.6000000000000001,0.7000000000000001,9,0.6579595044444445,0.5555555555555556,0.10240394888888893
8,0.7000000000000001,0.8,9,0.7287798566666667,0.6666666666666666,0.06211319000000004
9,0.8,0.9,7,0.8443963071428572,0.5714285714285714,0.2729677357142858
10,0.9,1.0,62,0.989462285967742,1.0,0.010537714032258005
