filename,filepath,label,class_name,cell_type,Custom_Probability,Custom_Prediction,ResNet18_Probability,ResNet18_Prediction,EfficientNet_Probability,EfficientNet_Prediction,Custom_Error,ResNet18_Error,EfficientNet_Error,Error_Count
cell0480.png,/content/elpv-dataset/src/elpv_dataset/data/images/cell0480.png,0,Functional,mono,0.74262357,1,0.36335027,1,0.64943814,1,True,True,True,3
cell0623.png,/content/elpv-dataset/src/elpv_dataset/data/images/cell0623.png,0,Functional,poly,0.63510287,1,0.8561561,1,0.9535426,1,True,True,True,3
cell0543.png,/content/elpv-dataset/src/elpv_dataset/data/images/cell0543.png,0,Functional,poly,0.66607934,1,0.37657368,1,0.228079,0,True,True,False,2
cell0795.png,/content/elpv-dataset/src/elpv_dataset/data/images/cell0795.png,1,Defective,poly,0.45565078,0,0.15733796,0,0.13101837,0,True,True,True,3
cell0595.png,/content/elpv-dataset/src/elpv_dataset/data/images/cell0595.png,1,Defective,poly,0.479448,0,0.103050955,0,0.104168534,0,True,True,True,3
cell0971.png,/content/elpv-dataset/src/elpv_dataset/data/images/cell0971.png,0,Functional,mono,0.5440287,1,0.5029283,1,0.6837232,1,True,True,True,3
cell1957.png,/content/elpv-dataset/src/elpv_dataset/data/images/cell1957.png,1,Defective,poly,0.7334582,1,0.034613986,0,0.0005475709,0,False,True,True,2
cell1103.png,/content/elpv-dataset/src/elpv_dataset/data/images/cell1103.png,1,Defective,mono,0.32625842,0,0.0014839013,0,0.26003346,0,True,True,True,3
cell0724.png,/content/elpv-dataset/src/elpv_dataset/data/images/cell0724.png,0,Functional,poly,0.4496269,0,0.35970825,1,0.80878186,1,False,True,True,2
cell1024.png,/content/elpv-dataset/src/elpv_dataset/data/images/cell1024.png,0,Functional,mono,0.3171938,0,0.8424747,1,0.5487791,1,False,True,True,2
cell0774.png,/content/elpv-dataset/src/elpv_dataset/data/images/cell0774.png,0,Functional,poly,0.54089254,1,0.5644481,1,0.7378723,1,True,True,True,3
cell2439.png,/content/elpv-dataset/src/elpv_dataset/data/images/cell2439.png,1,Defective,mono,0.27958736,0,0.030924903,0,0.21472453,0,True,True,True,3
cell0175.png,/content/elpv-dataset/src/elpv_dataset/data/images/cell0175.png,0,Functional,poly,0.8109471,1,0.7499315,1,0.56249887,1,True,True,True,3
cell1163.png,/content/elpv-dataset/src/elpv_dataset/data/images/cell1163.png,1,Defective,mono,0.32266626,0,0.20182677,0,0.75957483,1,True,True,False,2
cell0824.png,/content/elpv-dataset/src/elpv_dataset/data/images/cell0824.png,0,Functional,poly,0.5980545,1,0.31022,1,0.32694703,0,True,True,False,2
cell1589.png,/content/elpv-dataset/src/elpv_dataset/data/images/cell1589.png,1,Defective,mono,0.23141614,0,0.046626285,0,0.050455462,0,True,True,True,3
cell0342.png,/content/elpv-dataset/src/elpv_dataset/data/images/cell0342.png,1,Defective,poly,0.758523,1,0.1340758,0,0.29400676,0,False,True,True,2
cell0273.png,/content/elpv-dataset/src/elpv_dataset/data/images/cell0273.png,0,Functional,poly,0.75122356,1,0.12802793,0,0.6387792,1,True,False,True,2
cell1035.png,/content/elpv-dataset/src/elpv_dataset/data/images/cell1035.png,0,Functional,mono,0.30633885,0,0.41857338,1,0.48673698,1,False,True,True,2
cell0632.png,/content/elpv-dataset/src/elpv_dataset/data/images/cell0632.png,1,Defective,poly,0.55017114,1,0.20821185,0,0.24696489,0,False,True,True,2
cell1100.png,/content/elpv-dataset/src/elpv_dataset/data/images/cell1100.png,1,Defective,mono,0.43371776,0,0.011361693,0,0.104882374,0,True,True,True,3
cell0116.png,/content/elpv-dataset/src/elpv_dataset/data/images/cell0116.png,0,Functional,poly,0.65365565,1,0.09474367,0,0.5887248,1,True,False,True,2
cell1029.png,/content/elpv-dataset/src/elpv_dataset/data/images/cell1029.png,0,Functional,mono,0.29738832,0,0.41692683,1,0.47245103,1,False,True,True,2
cell1402.png,/content/elpv-dataset/src/elpv_dataset/data/images/cell1402.png,0,Functional,mono,0.54735357,1,0.11096448,0,0.4211599,1,True,False,True,2
cell0619.png,/content/elpv-dataset/src/elpv_dataset/data/images/cell0619.png,0,Functional,poly,0.30161098,0,0.27509513,1,0.7721285,1,False,True,True,2
cell1041.png,/content/elpv-dataset/src/elpv_dataset/data/images/cell1041.png,1,Defective,mono,0.2860836,0,0.6333786,1,0.13300826,0,True,False,True,2
cell0621.png,/content/elpv-dataset/src/elpv_dataset/data/images/cell0621.png,0,Functional,poly,0.6685443,1,0.7295043,1,0.8113799,1,True,True,True,3
cell0131.png,/content/elpv-dataset/src/elpv_dataset/data/images/cell0131.png,0,Functional,poly,0.9488898,1,0.036026254,0,0.38111037,1,True,False,True,2
cell0154.png,/content/elpv-dataset/src/elpv_dataset/data/images/cell0154.png,0,Functional,poly,0.8437356,1,0.15900074,0,0.7908513,1,True,False,True,2
cell0732.png,/content/elpv-dataset/src/elpv_dataset/data/images/cell0732.png,1,Defective,poly,0.3825281,0,0.18234302,0,0.78800094,1,True,True,False,2
cell0331.png,/content/elpv-dataset/src/elpv_dataset/data/images/cell0331.png,0,Functional,poly,0.86721694,1,0.59293455,1,0.5895001,1,True,True,True,3
cell0121.png,/content/elpv-dataset/src/elpv_dataset/data/images/cell0121.png,0,Functional,poly,0.91329646,1,0.1444185,0,0.5749242,1,True,False,True,2
cell0950.png,/content/elpv-dataset/src/elpv_dataset/data/images/cell0950.png,1,Defective,mono,0.63924205,1,0.021944089,0,0.14518669,0,False,True,True,2
cell0318.png,/content/elpv-dataset/src/elpv_dataset/data/images/cell0318.png,0,Functional,poly,0.53512263,1,0.6906898,1,0.4976899,1,True,True,True,3
cell0650.png,/content/elpv-dataset/src/elpv_dataset/data/images/cell0650.png,0,Functional,poly,0.43787163,0,0.43655148,1,0.8363303,1,False,True,True,2
cell1424.png,/content/elpv-dataset/src/elpv_dataset/data/images/cell1424.png,1,Defective,mono,0.6786814,1,0.03586708,0,0.06391866,0,False,True,True,2
cell0262.png,/content/elpv-dataset/src/elpv_dataset/data/images/cell0262.png,0,Functional,poly,0.7726466,1,0.2871599,1,0.23991267,0,True,True,False,2
cell0610.png,/content/elpv-dataset/src/elpv_dataset/data/images/cell0610.png,0,Functional,poly,0.67976487,1,0.38201097,1,0.20918638,0,True,True,False,2
cell2019.png,/content/elpv-dataset/src/elpv_dataset/data/images/cell2019.png,0,Functional,poly,0.8287702,1,0.6236794,1,0.97944164,1,True,True,True,3
cell1820.png,/content/elpv-dataset/src/elpv_dataset/data/images/cell1820.png,1,Defective,poly,0.2675565,0,0.000115565614,0,0.14149237,0,True,True,True,3
cell1047.png,/content/elpv-dataset/src/elpv_dataset/data/images/cell1047.png,0,Functional,mono,0.2885405,0,0.6263879,1,0.40085587,1,False,True,True,2
cell0700.png,/content/elpv-dataset/src/elpv_dataset/data/images/cell0700.png,1,Defective,poly,0.5589945,1,0.23234577,0,0.11499907,0,False,True,True,2
cell0556.png,/content/elpv-dataset/src/elpv_dataset/data/images/cell0556.png,0,Functional,poly,0.3651636,0,0.3807599,1,0.420892,1,False,True,True,2
cell0767.png,/content/elpv-dataset/src/elpv_dataset/data/images/cell0767.png,0,Functional,poly,0.3399483,0,0.27098507,1,0.44393805,1,False,True,True,2
cell0465.png,/content/elpv-dataset/src/elpv_dataset/data/images/cell0465.png,0,Functional,mono,0.56011283,1,0.17399274,0,0.7849632,1,True,False,True,2
cell1761.png,/content/elpv-dataset/src/elpv_dataset/data/images/cell1761.png,1,Defective,poly,0.17110766,0,0.0031051284,0,0.021976812,0,True,True,True,3
cell0664.png,/content/elpv-dataset/src/elpv_dataset/data/images/cell0664.png,0,Functional,poly,0.6924899,1,0.83694935,1,0.7553891,1,True,True,True,3
cell2526.png,/content/elpv-dataset/src/elpv_dataset/data/images/cell2526.png,1,Defective,poly,0.18219973,0,0.18014485,0,0.06493974,0,True,True,True,3
cell0308.png,/content/elpv-dataset/src/elpv_dataset/data/images/cell0308.png,0,Functional,poly,0.5796798,1,0.5113945,1,0.8404868,1,True,True,True,3
cell0315.png,/content/elpv-dataset/src/elpv_dataset/data/images/cell0315.png,0,Functional,poly,0.6742868,1,0.317654,1,0.073251426,0,True,True,False,2
cell0193.png,/content/elpv-dataset/src/elpv_dataset/data/images/cell0193.png,1,Defective,poly,0.65953344,1,0.13723257,0,0.2902892,0,False,True,True,2
cell0061.png,/content/elpv-dataset/src/elpv_dataset/data/images/cell0061.png,0,Functional,poly,0.8177894,1,0.3078388,1,0.53515,1,True,True,True,3
cell1396.png,/content/elpv-dataset/src/elpv_dataset/data/images/cell1396.png,1,Defective,mono,0.48467222,0,0.7401003,1,0.30599496,0,True,False,True,2
cell1421.png,/content/elpv-dataset/src/elpv_dataset/data/images/cell1421.png,1,Defective,mono,0.53292674,1,0.12446198,0,0.057866517,0,False,True,True,2
cell0009.png,/content/elpv-dataset/src/elpv_dataset/data/images/cell0009.png,0,Functional,mono,0.84428144,1,0.59320325,1,0.42309695,1,True,True,True,3
