Split_A,Filename_A,Path_A,Split_B,Filename_B,Path_B,pHash_Distance,Full_Image_Correlation,Residual_Correlation,Label_A,Label_B,Cell_Type_A,Cell_Type_B,Same_Label,Same_Cell_Type,Pair
Train,cell2361.png,/content/elpv-dataset/src/elpv_dataset/data/images/cell2361.png,Validation,cell2360.png,/content/elpv-dataset/src/elpv_dataset/data/images/cell2360.png,3,0.9950915785080052,0.9904342965348168,0,0,poly,poly,True,True,Train-Validation
Train,cell1521.png,/content/elpv-dataset/src/elpv_dataset/data/images/cell1521.png,Validation,cell1519.png,/content/elpv-dataset/src/elpv_dataset/data/images/cell1519.png,5,0.9956702108632568,0.9887139124418456,0,0,mono,mono,True,True,Train-Validation
Train,cell1157.png,/content/elpv-dataset/src/elpv_dataset/data/images/cell1157.png,Validation,cell1158.png,/content/elpv-dataset/src/elpv_dataset/data/images/cell1158.png,4,0.9971054733719956,0.9931179430790602,0,0,mono,mono,True,True,Train-Validation
Train,cell1520.png,/content/elpv-dataset/src/elpv_dataset/data/images/cell1520.png,Validation,cell1519.png,/content/elpv-dataset/src/elpv_dataset/data/images/cell1519.png,4,0.9951022568962304,0.9907066827300326,0,0,mono,mono,True,True,Train-Validation
Train,cell1194.png,/content/elpv-dataset/src/elpv_dataset/data/images/cell1194.png,Validation,cell1193.png,/content/elpv-dataset/src/elpv_dataset/data/images/cell1193.png,6,0.9969143168869932,0.9912211173977996,0,0,mono,mono,True,True,Train-Validation
Train,cell1362.png,/content/elpv-dataset/src/elpv_dataset/data/images/cell1362.png,Test,cell1363.png,/content/elpv-dataset/src/elpv_dataset/data/images/cell1363.png,6,0.995095201875906,0.9915081505236912,0,0,mono,mono,True,True,Train-Test
Train,cell1199.png,/content/elpv-dataset/src/elpv_dataset/data/images/cell1199.png,Test,cell1200.png,/content/elpv-dataset/src/elpv_dataset/data/images/cell1200.png,5,0.996255143228204,0.9912027518916192,0,0,mono,mono,True,True,Train-Test
Train,cell1184.png,/content/elpv-dataset/src/elpv_dataset/data/images/cell1184.png,Test,cell1164.png,/content/elpv-dataset/src/elpv_dataset/data/images/cell1164.png,5,0.995015249111002,0.9919802723369816,0,0,mono,mono,True,True,Train-Test
Train,cell1549.png,/content/elpv-dataset/src/elpv_dataset/data/images/cell1549.png,Test,cell1550.png,/content/elpv-dataset/src/elpv_dataset/data/images/cell1550.png,6,0.9966759968134514,0.9878306939895242,0,0,mono,mono,True,True,Train-Test
Validation,cell1609.png,/content/elpv-dataset/src/elpv_dataset/data/images/cell1609.png,Test,cell1610.png,/content/elpv-dataset/src/elpv_dataset/data/images/cell1610.png,6,0.995925175533976,0.9883567190040582,0,0,mono,mono,True,True,Validation-Test
