Section,Item,Metric,Value,Notes
Locked test model comparison,Logistic pixel baseline,Accuracy,0.7455089820359282,Threshold selected on validation
Locked test model comparison,Logistic pixel baseline,Precision,0.5864661654135338,Threshold selected on validation
Locked test model comparison,Logistic pixel baseline,Recall,0.7222222222222222,Threshold selected on validation
Locked test model comparison,Logistic pixel baseline,Specificity,0.7566371681415929,Threshold selected on validation
Locked test model comparison,Logistic pixel baseline,F1,0.6473029045643154,Threshold selected on validation
Locked test model comparison,Logistic pixel baseline,Balanced_Accuracy,0.7394296951819075,Threshold selected on validation
Locked test model comparison,Logistic pixel baseline,ROC_AUC,0.7800311373320222,Threshold selected on validation
Locked test model comparison,Logistic pixel baseline,Average_Precision,0.7068026508987477,Threshold selected on validation
Locked test model comparison,Logistic pixel baseline,Locked_Threshold,0.33,Threshold selected on validation
Locked test model comparison,Logistic pixel baseline,Parameters,1025.0,Threshold selected on validation
Locked test model comparison,Custom CNN,Accuracy,0.7784431137724551,Threshold selected on validation
Locked test model comparison,Custom CNN,Precision,0.6307692307692307,Threshold selected on validation
Locked test model comparison,Custom CNN,Recall,0.7592592592592593,Threshold selected on validation
Locked test model comparison,Custom CNN,Specificity,0.7876106194690266,Threshold selected on validation
Locked test model comparison,Custom CNN,F1,0.6890756302521008,Threshold selected on validation
Locked test model comparison,Custom CNN,Balanced_Accuracy,0.7734349393641429,Threshold selected on validation
Locked test model comparison,Custom CNN,ROC_AUC,0.8461979678793838,Threshold selected on validation
Locked test model comparison,Custom CNN,Average_Precision,0.769557354241054,Threshold selected on validation
Locked test model comparison,Custom CNN,Locked_Threshold,0.5274462103843689,Threshold selected on validation
Locked test model comparison,Custom CNN,Parameters,389057.0,Threshold selected on validation
Locked test model comparison,ResNet18,Accuracy,0.8353293413173652,Threshold selected on validation
Locked test model comparison,ResNet18,Precision,0.71900826446281,Threshold selected on validation
Locked test model comparison,ResNet18,Recall,0.8055555555555556,Threshold selected on validation
Locked test model comparison,ResNet18,Specificity,0.8495575221238938,Threshold selected on validation
Locked test model comparison,ResNet18,F1,0.759825327510917,Threshold selected on validation
Locked test model comparison,ResNet18,Balanced_Accuracy,0.8275565388397247,Threshold selected on validation
Locked test model comparison,ResNet18,ROC_AUC,0.9181825630940674,Threshold selected on validation
Locked test model comparison,ResNet18,Average_Precision,0.8936754038610835,Threshold selected on validation
Locked test model comparison,ResNet18,Locked_Threshold,0.2609410881996155,Threshold selected on validation
Locked test model comparison,ResNet18,Parameters,11177025.0,Threshold selected on validation
Locked test model comparison,EfficientNet-B0,Accuracy,0.8203592814371258,Threshold selected on validation
Locked test model comparison,EfficientNet-B0,Precision,0.7,Threshold selected on validation
Locked test model comparison,EfficientNet-B0,Recall,0.7777777777777778,Threshold selected on validation
Locked test model comparison,EfficientNet-B0,Specificity,0.8407079646017699,Threshold selected on validation
Locked test model comparison,EfficientNet-B0,F1,0.7368421052631579,Threshold selected on validation
Locked test model comparison,EfficientNet-B0,Balanced_Accuracy,0.8092428711897739,Threshold selected on validation
Locked test model comparison,EfficientNet-B0,ROC_AUC,0.914167486070141,Threshold selected on validation
Locked test model comparison,EfficientNet-B0,Average_Precision,0.8760121565430123,Threshold selected on validation
Locked test model comparison,EfficientNet-B0,Locked_Threshold,0.3600065410137176,Threshold selected on validation
Locked test model comparison,EfficientNet-B0,Parameters,4008829.0,Threshold selected on validation
Statistical uncertainty,ResNet18,Accuracy point,0.8353293413173652,Stratified bootstrap
Statistical uncertainty,ResNet18,Accuracy 95% lower,0.7934131736526946,Stratified bootstrap
Statistical uncertainty,ResNet18,Accuracy 95% upper,0.874251497005988,Stratified bootstrap
Statistical uncertainty,ResNet18,Precision point,0.71900826446281,Stratified bootstrap
Statistical uncertainty,ResNet18,Precision 95% lower,0.6349171842650103,Stratified bootstrap
Statistical uncertainty,ResNet18,Precision 95% upper,0.7982474568774879,Stratified bootstrap
Statistical uncertainty,ResNet18,Recall point,0.8055555555555556,Stratified bootstrap
Statistical uncertainty,ResNet18,Recall 95% lower,0.7251803347573359,Stratified bootstrap
Statistical uncertainty,ResNet18,Recall 95% upper,0.8760348862722153,Stratified bootstrap
Statistical uncertainty,ResNet18,F1 point,0.759825327510917,Stratified bootstrap
Statistical uncertainty,ResNet18,F1 95% lower,0.6922972972972973,Stratified bootstrap
Statistical uncertainty,ResNet18,F1 95% upper,0.8166847826086956,Stratified bootstrap
Statistical uncertainty,ResNet18,ROC_AUC point,0.9181825630940674,Stratified bootstrap
Statistical uncertainty,ResNet18,ROC_AUC 95% lower,0.8806824757946504,Stratified bootstrap
Statistical uncertainty,ResNet18,ROC_AUC 95% upper,0.9501969207914696,Stratified bootstrap
Statistical uncertainty,ResNet18,Average_Precision point,0.8936754038610835,Stratified bootstrap
Statistical uncertainty,ResNet18,Average_Precision 95% lower,0.8486107850171477,Stratified bootstrap
Statistical uncertainty,ResNet18,Average_Precision 95% upper,0.9323985456169112,Stratified bootstrap
Controlled robustness,Original,F1,0.759825327510917,Not external validation
Controlled robustness,Dark,F1,0.6412213740458015,Not external validation
Controlled robustness,Bright,F1,0.6463878326996197,Not external validation
Controlled robustness,Low Contrast,F1,0.7747747747747747,Not external validation
Controlled robustness,Blur,F1,0.7580645161290323,Not external validation
Controlled robustness,Rotation,F1,0.5570291777188329,Not external validation
Controlled robustness,Gaussian Noise,F1,0.6012269938650306,Not external validation
Cell-type subgroup,mono,F1,0.8041237113402062,Descriptive subgroup evidence
Cell-type subgroup,poly,F1,0.7272727272727273,Descriptive subgroup evidence
Similarity sensitivity,Original Test Set,F1,0.759825327510917,Non-identical highly similar images
Similarity sensitivity,After Excluding High-Similarity Test Images,F1,0.759825327510917,Non-identical highly similar images
Paired comparison,Custom CNN vs ResNet18,Exact McNemar p,0.0319271620832123,Two-sided exact test
Paired comparison,Custom CNN vs EfficientNet-B0,Exact McNemar p,0.12491820036864,Two-sided exact test
Paired comparison,ResNet18 vs EfficientNet-B0,Exact McNemar p,0.5113757815852296,Two-sided exact test
