filename,label,class_name,cell_type,PCA1,PCA2,TSNE1,TSNE2,ResNet18_Prediction,Correct
cell1610.png,0,Functional,mono,-2.6099446,-12.973522,-14.275213,-12.638659,0,True
cell0480.png,0,Functional,mono,-5.9290514,-7.5796013,-7.664439,-0.620394,1,False
cell1003.png,1,Defective,mono,-5.5370336,-3.734271,-13.115956,-4.028072,1,True
cell1620.png,0,Functional,poly,9.456824,-0.7101516,11.546476,3.992276,0,True
cell1417.png,1,Defective,mono,-4.7763925,-7.9848,-9.807302,-4.4910965,1,True
cell2208.png,0,Functional,mono,-2.996676,-11.28176,-8.367725,-9.127137,0,True
cell2492.png,0,Functional,poly,3.89548,-3.3790638,12.5076885,6.52555,0,True
cell0968.png,0,Functional,mono,-1.3764154,-7.8521247,-12.102369,-5.7122145,0,True
cell2189.png,0,Functional,mono,1.8202379,-9.686123,-7.0765395,-11.274592,0,True
cell1652.png,1,Defective,poly,-17.896095,19.28074,-9.201326,16.66752,1,True
cell0932.png,0,Functional,mono,-2.8496056,-10.292629,-9.861745,-14.90802,0,True
cell2509.png,1,Defective,poly,-11.107543,2.7237895,-5.0670276,11.898038,1,True
cell2365.png,0,Functional,poly,20.279963,2.2129903,19.282377,4.134338,0,True
cell0623.png,0,Functional,poly,-10.18745,-3.721137,-0.26568198,7.59241,1,False
cell1889.png,0,Functional,poly,19.006454,6.7404237,19.143362,-2.0126553,0,True
cell0573.png,0,Functional,poly,-6.7247467,-10.061954,0.87329036,4.6675477,1,False
cell2033.png,0,Functional,poly,9.510906,0.030228332,12.937971,-1.6942265,0,True
cell1319.png,0,Functional,mono,7.8509808,-9.44907,-15.000316,-22.043116,0,True
cell1374.png,0,Functional,mono,4.509752,-11.965779,-14.762896,-20.591755,0,True
cell2502.png,0,Functional,poly,6.340241,0.1662892,13.052352,7.8388357,0,True
cell0543.png,0,Functional,poly,-7.7334614,-6.9464064,0.37071908,7.2332892,1,False
cell1574.png,0,Functional,mono,-0.30529815,-11.954194,-15.012473,-12.763511,0,True
cell2264.png,0,Functional,poly,12.80624,-3.4531362,0.52532274,-13.484364,0,True
cell0795.png,1,Defective,poly,-1.646494,-5.74831,3.3572812,3.0927157,0,False
cell1782.png,0,Functional,poly,16.466381,6.943797,17.333883,-2.377561,0,True
cell1577.png,0,Functional,mono,-0.54747075,-10.053066,-16.42468,-12.790622,0,True
cell0364.png,1,Defective,mono,-15.580066,13.137767,-14.224237,13.927349,1,True
cell1608.png,0,Functional,mono,-3.0485373,-12.423266,-13.933729,-12.416821,0,True
cell0065.png,0,Functional,poly,6.974125,1.6782062,11.451521,9.804461,0,True
cell1550.png,0,Functional,mono,-3.305286,-10.538698,-14.381332,-11.432877,0,True
cell0136.png,0,Functional,poly,-0.08961763,-4.600995,2.7806985,11.119775,0,True
cell0907.png,0,Functional,mono,1.0817927,-9.043273,-7.771485,-18.623915,0,True
cell0495.png,1,Defective,mono,-16.079023,15.595195,-14.644966,15.653282,1,True
cell0595.png,1,Defective,poly,-5.3170557,-11.862046,1.351999,4.307748,0,False
cell1144.png,0,Functional,mono,-3.130802,-9.734639,-11.68798,-11.86269,0,True
cell0971.png,0,Functional,mono,-6.822487,-6.3763223,-12.247372,-3.6498322,1,False
cell1874.png,0,Functional,poly,29.57578,9.780364,21.755651,0.5525643,0,True
cell2042.png,1,Defective,poly,-3.0063825,5.6234736,6.0360713,7.0535116,1,True
cell2311.png,0,Functional,poly,7.8240213,-0.3614078,6.9309735,-4.7782564,0,True
cell0723.png,0,Functional,poly,-5.8433332,-7.640895,-3.3067863,2.9403117,0,True
cell0730.png,0,Functional,poly,-4.857585,-8.786383,-2.685109,2.420071,0,True
cell0444.png,1,Defective,mono,-15.003543,14.551785,-14.936456,15.170127,1,True
cell2108.png,0,Functional,poly,2.9596424,-3.687084,11.484939,6.6385303,0,True
cell1352.png,0,Functional,mono,5.191169,-8.393138,-15.283686,-21.294365,0,True
cell1957.png,1,Defective,poly,9.991765,9.275036,14.748645,-0.03454578,0,False
cell0522.png,1,Defective,mono,-6.626057,-8.218509,-8.045802,-0.8808709,1,True
cell2398.png,0,Functional,mono,7.6734657,-3.6604037,0.058550283,-11.19334,0,True
cell2217.png,0,Functional,poly,9.478927,0.325718,2.1108916,-12.771882,0,True
cell1170.png,0,Functional,mono,-3.359166,-11.594504,-12.717948,-11.491596,0,True
cell1103.png,1,Defective,mono,12.426542,2.4777613,-3.8094907,-19.180021,0,False
cell1741.png,0,Functional,poly,27.951183,10.628549,20.276709,0.91772807,0,True
cell2156.png,0,Functional,mono,1.0770499,-8.777921,-7.964492,-10.745149,0,True
cell0724.png,0,Functional,poly,-7.0121813,-9.191284,-2.3970058,2.4755905,1,False
cell1107.png,0,Functional,mono,8.79765,-1.7470661,-3.920378,-19.19282,0,True
cell1532.png,0,Functional,mono,-2.3769288,-7.34375,-17.527939,-11.66237,0,True
cell2123.png,0,Functional,poly,4.5338206,-3.570726,11.916329,7.307502,0,True
cell1024.png,0,Functional,mono,-8.681892,-6.7025,-12.019113,-1.1899396,1,False
cell1998.png,0,Functional,poly,18.969751,8.095319,19.129158,-1.996533,0,True
cell0055.png,1,Defective,mono,-15.837652,14.609381,-12.201316,14.75726,1,True
cell2160.png,0,Functional,mono,1.3674173,-9.737854,-7.802748,-11.096802,0,True
cell0774.png,0,Functional,poly,-5.926398,-6.784592,-2.8944263,1.4081068,1,False
cell0359.png,0,Functional,poly,6.7459354,4.68643,11.492509,11.028334,0,True
cell1925.png,0,Functional,poly,19.232883,12.27072,18.542006,-0.22312088,0,True
cell1962.png,1,Defective,poly,-9.720962,20.068102,-9.328394,10.994338,1,True
cell1509.png,0,Functional,mono,1.2020541,-7.3095183,-18.73051,-12.385339,0,True
cell0995.png,0,Functional,mono,-4.462779,-7.609902,-11.955242,-4.6027255,0,True
cell2439.png,1,Defective,mono,4.3718753,-1.0685177,-0.31374702,-10.145729,0,False
cell1893.png,0,Functional,poly,17.41706,6.637772,18.10865,-1.7409153,0,True
cell1728.png,1,Defective,poly,-8.668925,15.677034,-9.176622,10.705877,1,True
cell1217.png,0,Functional,mono,3.8710253,-6.2854795,-17.46001,-15.157019,0,True
cell0489.png,1,Defective,mono,-12.891543,6.1278434,-14.493241,12.334281,1,True
cell0012.png,1,Defective,mono,-18.689375,25.028717,-11.875708,17.541609,1,True
cell0589.png,0,Functional,poly,-0.5867114,-7.726889,2.955241,4.233153,0,True
cell1249.png,0,Functional,mono,1.996345,-8.499901,-16.61464,-14.923638,0,True
cell1065.png,1,Defective,mono,-8.461686,-9.752336,-10.862104,-0.99959785,1,True
cell2296.png,0,Functional,poly,1.3457379,-2.3109882,8.27534,-0.24975452,0,True
cell1092.png,0,Functional,mono,3.614525,-7.8278785,-8.132353,-16.661486,0,True
cell1114.png,0,Functional,mono,4.7601967,-7.5884647,-7.3892593,-18.052305,0,True
cell0712.png,1,Defective,poly,-8.703692,0.5767225,-1.5122083,9.537506,1,True
cell0366.png,1,Defective,mono,-18.03975,23.316116,-15.29965,17.055922,1,True
cell1592.png,0,Functional,mono,0.19348754,-6.693131,-17.909472,-12.653759,0,True
cell2002.png,0,Functional,poly,5.106309,0.9435424,9.745935,-3.8180716,0,True
cell0175.png,0,Functional,poly,-6.6315565,0.41031575,1.4492543,11.111304,1,False
cell2513.png,0,Functional,poly,3.1535177,-9.196301,5.648903,3.3939698,0,True
cell1496.png,0,Functional,mono,-0.43333498,-10.031828,-13.747641,-13.787939,0,True
cell2429.png,0,Functional,mono,5.428063,-0.9362971,0.20593333,-10.541513,0,True
cell0638.png,0,Functional,poly,2.5443163,0.8301473,8.808073,-3.8761752,0,True
cell2333.png,1,Defective,poly,-4.938167,-3.2836585,7.3081255,0.40980148,1,True
cell1112.png,0,Functional,mono,1.0735306,-9.249614,-8.9448595,-16.556715,0,True
cell1163.png,1,Defective,mono,-2.7188835,-6.4795303,-13.064638,-9.908292,0,False
cell2301.png,0,Functional,poly,2.7958386,-0.16897835,6.802486,-4.191121,0,True
cell0286.png,1,Defective,poly,-11.46024,10.201531,-5.834947,14.7312975,1,True
cell2421.png,0,Functional,mono,9.198187,-1.7057334,-0.42167804,-11.232474,0,True
cell0396.png,1,Defective,mono,-14.796277,15.330315,-14.797039,14.721118,1,True
cell0824.png,0,Functional,poly,-6.229378,-8.733431,1.2011899,5.618375,1,False
cell0050.png,1,Defective,mono,-9.604637,-2.8140025,-9.491281,1.2543615,1,True
cell1589.png,1,Defective,mono,2.2483954,-3.8518472,-18.66415,-13.262697,0,False
cell0584.png,0,Functional,poly,-3.7556493,-8.023948,2.2484596,5.7391677,0,True
cell2394.png,0,Functional,poly,16.138662,8.749778,16.629768,3.2815936,0,True
cell0852.png,1,Defective,poly,-14.900928,10.680748,-6.47907,15.491731,1,True
cell2453.png,0,Functional,poly,5.0479403,2.9266746,14.109906,7.40301,0,True
cell0431.png,1,Defective,mono,-14.630927,15.35264,-13.720656,15.362234,1,True
cell2377.png,0,Functional,poly,22.574257,7.627628,20.215853,3.5325894,0,True
cell0023.png,1,Defective,mono,-11.674551,1.1486876,-9.555734,2.7962189,1,True
cell1827.png,0,Functional,poly,22.430696,10.311977,19.842321,-0.5743808,0,True
cell1829.png,0,Functional,poly,17.920982,7.687758,19.628864,-2.9600794,0,True
cell1258.png,0,Functional,mono,3.2864218,-13.201985,-12.728704,-19.54387,0,True
cell0078.png,1,Defective,poly,-1.8109113,7.9792547,9.202329,12.81742,1,True
cell1274.png,0,Functional,mono,1.8406395,-12.862123,-12.271712,-18.926428,0,True
cell2461.png,0,Functional,poly,16.713448,2.8341653,16.386786,6.3574576,0,True
cell0344.png,0,Functional,poly,-2.459163,-0.5720753,6.339927,11.698063,0,True
cell0645.png,1,Defective,poly,-5.0923805,-1.7215099,4.338339,-3.1167328,1,True
cell0451.png,1,Defective,mono,-19.934175,31.67182,-13.426562,18.461985,1,True
cell1164.png,0,Functional,mono,-3.0980184,-9.568193,-13.572813,-10.741357,0,True
cell0453.png,1,Defective,mono,-4.9030595,-5.8280935,-7.556413,-1.2114756,1,True
cell1857.png,0,Functional,poly,26.424837,12.254679,21.345026,-1.8594382,0,True
cell1611.png,0,Functional,mono,-3.0729392,-12.077866,-14.41589,-12.227731,0,True
cell1139.png,0,Functional,mono,-3.022139,-10.339843,-9.465173,-15.2390785,0,True
cell1858.png,0,Functional,poly,16.843403,12.894324,18.063974,-2.9607751,0,True
cell2269.png,0,Functional,poly,6.678842,-5.141883,1.2209954,-13.210164,0,True
cell0856.png,1,Defective,poly,-10.933271,4.1448135,-3.4549937,13.46563,1,True
cell1203.png,0,Functional,mono,-4.5370736,-10.814321,-11.997703,-11.078152,0,True
cell0171.png,1,Defective,poly,-13.446681,13.83456,-7.466719,15.444825,1,True
cell2383.png,0,Functional,poly,29.989237,12.848495,23.004997,1.4406013,0,True
cell1037.png,0,Functional,mono,-7.118132,-4.104372,-12.955903,-1.7465811,1,False
cell0663.png,1,Defective,poly,-21.530655,23.780107,-10.702629,18.621925,1,True
cell0975.png,0,Functional,mono,-6.4982224,-6.2465363,-12.57862,-3.0403988,1,False
cell0435.png,1,Defective,mono,-6.5223804,-4.883639,-7.339667,-0.29948226,1,True
cell0091.png,1,Defective,poly,-4.639771,-2.4368603,5.1040616,12.551195,1,True
cell1800.png,0,Functional,poly,25.32945,12.732526,21.146646,-1.1489439,0,True
cell2621.png,0,Functional,poly,17.814953,7.125788,17.940065,3.3377695,0,True
cell2304.png,0,Functional,poly,2.3168952,-1.9981669,7.4446855,-2.6160462,0,True
cell1230.png,0,Functional,mono,11.115706,-3.192801,-18.792566,-15.417951,0,True
cell1968.png,0,Functional,poly,0.7005779,-2.170149,11.011623,-0.5829331,0,True
cell0342.png,1,Defective,poly,-3.4766788,-4.296471,5.3229337,10.695812,0,False
cell2390.png,0,Functional,poly,11.4142475,1.24179,15.991044,4.6377482,0,True
cell1695.png,0,Functional,poly,14.291732,10.373371,16.318487,1.3282285,0,True
cell1763.png,0,Functional,poly,39.481617,20.57322,23.610926,-0.35322276,0,True
cell1730.png,1,Defective,poly,-9.106237,20.440683,-9.422706,11.121045,1,True
cell0609.png,1,Defective,poly,-8.6914425,-5.6890554,0.21154094,6.1737022,1,True
cell2485.png,0,Functional,poly,7.3777246,-1.1521021,13.777416,6.3140264,0,True
cell2164.png,0,Functional,mono,0.41104603,-9.635958,-7.5937753,-10.975012,0,True
cell0946.png,0,Functional,mono,0.8456183,-6.1819024,-5.6861477,-19.368465,0,True
cell1239.png,0,Functional,mono,5.631362,-7.218268,-17.807396,-14.893874,0,True
cell0177.png,1,Defective,poly,-5.736842,-2.2637575,3.531129,8.827336,1,True
cell0273.png,0,Functional,poly,-3.5097387,-6.1050997,4.968674,11.422453,0,True
cell1035.png,0,Functional,mono,-7.331129,-10.171561,-10.434133,-1.3077993,1,False
cell0632.png,1,Defective,poly,-6.1762834,-12.104512,0.9586719,4.002691,0,False
cell0212.png,1,Defective,poly,-8.125453,1.2768666,-2.442531,11.911127,1,True
cell0527.png,1,Defective,mono,-13.07425,15.114067,-16.783663,15.347674,1,True
cell0139.png,0,Functional,poly,0.36424577,-2.9967117,6.718497,8.903142,0,True
cell1335.png,0,Functional,mono,7.479569,-8.585003,-14.594282,-21.619791,0,True
cell1984.png,0,Functional,poly,13.73168,8.011401,15.443006,-3.0416675,0,True
cell1100.png,1,Defective,mono,2.6332748,-8.01841,-8.323386,-17.413038,0,False
cell0339.png,0,Functional,poly,-1.9449998,-1.6727504,6.6969995,10.440958,0,True
cell1650.png,1,Defective,poly,-16.718058,15.519416,-8.657889,17.261679,1,True
cell0461.png,1,Defective,mono,-14.498247,11.367065,-15.861162,15.021471,1,True
cell0400.png,1,Defective,mono,-17.45801,19.703064,-15.463957,16.393742,1,True
cell2358.png,0,Functional,poly,27.015722,7.8380036,21.062298,3.0802636,0,True
cell2442.png,0,Functional,mono,2.267894,-2.6372774,0.2600846,-10.054914,0,True
cell1571.png,0,Functional,mono,6.21304,-6.5441995,-19.0218,-14.136943,0,True
cell0924.png,0,Functional,mono,-0.042162087,-11.055722,-9.704344,-16.685558,0,True
cell2236.png,0,Functional,poly,9.017795,-2.5267446,1.3543323,-13.320409,0,True
cell1944.png,0,Functional,poly,28.51776,11.457616,21.9417,2.046273,0,True
cell0094.png,0,Functional,poly,4.5088706,-3.0983849,11.312941,9.092088,0,True
cell0823.png,0,Functional,poly,-4.5560856,-2.9910836,2.2204347,11.895444,0,True
cell2380.png,0,Functional,poly,17.62723,3.104727,17.110844,4.505938,0,True
cell0601.png,1,Defective,poly,-16.406307,13.928479,-9.213789,18.737167,1,True
cell0116.png,0,Functional,poly,-0.7770862,-1.7369984,8.272289,10.076726,0,True
cell1029.png,0,Functional,mono,-7.5007625,-9.769678,-10.7348795,-1.6415915,1,False
cell0497.png,1,Defective,mono,-7.045924,-6.9882708,-8.358247,-0.10238906,1,True
cell1702.png,0,Functional,poly,8.997072,6.7313695,15.396434,0.6144943,0,True
cell2026.png,0,Functional,poly,8.100853,4.5220976,13.269285,-1.2589607,0,True
cell0524.png,1,Defective,mono,-17.779762,21.112112,-14.36256,16.385262,1,True
cell2524.png,0,Functional,poly,3.8665104,-5.387085,6.52228,3.7200408,0,True
cell1402.png,0,Functional,mono,-3.3834207,-9.7030735,-9.949564,-5.0470595,0,True
cell0619.png,0,Functional,poly,-4.874655,-8.03312,2.5763724,1.7691656,1,False
cell2473.png,0,Functional,poly,10.882543,-1.6569264,14.1063,5.847126,0,True
cell2041.png,0,Functional,poly,3.1144438,0.64772886,11.292073,-1.1386698,0,True
cell0361.png,1,Defective,mono,-14.159587,14.78853,-13.19514,14.802288,1,True
cell1041.png,1,Defective,mono,-6.577378,-5.1946187,-13.175325,-2.5586421,1,True
cell2199.png,0,Functional,mono,-2.9133165,-11.84349,-8.480604,-9.259086,0,True
cell0763.png,0,Functional,poly,-4.815181,-8.6004505,-0.72770125,1.7214749,1,False
cell1229.png,0,Functional,mono,-2.6448562,-11.851823,-12.719367,-11.974118,0,True
cell1970.png,0,Functional,poly,6.6184173,2.0301037,11.1008,-2.2358503,0,True
cell0296.png,1,Defective,poly,-4.7537413,5.8838477,7.927261,12.972807,1,True
cell0621.png,0,Functional,poly,-8.792255,-4.5242915,0.14252277,8.127454,1,False
cell0131.png,0,Functional,poly,-1.2215351,0.06512845,1.9644697,13.779635,0,True
cell2601.png,0,Functional,poly,25.36886,6.2864995,20.155525,1.8679111,0,True
cell2253.png,0,Functional,poly,10.69521,-3.2051773,0.12264447,-13.652576,0,True
cell0154.png,0,Functional,poly,-4.6155963,-4.565101,3.1444008,11.639901,0,True
cell0729.png,0,Functional,poly,-4.338584,-10.403372,-0.7577106,2.8018305,0,True
cell1093.png,0,Functional,mono,1.7305316,-8.200526,-7.7329373,-17.323229,0,True
cell0575.png,0,Functional,poly,-2.961599,-9.408137,0.38837546,2.723731,0,True
cell1644.png,0,Functional,poly,2.908539,0.33650827,11.280842,3.9544718,0,True
cell0732.png,1,Defective,poly,-3.167611,-7.9158826,-1.9423723,1.0342333,0,False
cell2535.png,0,Functional,poly,1.6880348,-9.171529,5.4507008,3.7954133,0,True
cell1030.png,1,Defective,mono,-7.0874987,-8.26488,-11.280702,-2.381856,1,True
cell1263.png,0,Functional,mono,2.3773463,-12.403701,-12.64278,-19.852116,0,True
cell0671.png,1,Defective,poly,-10.459458,2.9469838,-0.010243666,9.413456,1,True
cell1672.png,1,Defective,poly,-14.590182,15.244335,-9.085845,15.801296,1,True
cell2270.png,0,Functional,poly,8.853635,-2.0709596,0.8808885,-12.788993,0,True
cell1597.png,0,Functional,mono,-3.0203192,-11.282292,-15.125951,-11.639482,0,True
cell1760.png,0,Functional,poly,21.299982,14.089503,21.117702,-3.623219,0,True
cell0331.png,0,Functional,poly,-6.350313,0.6364027,3.4993827,13.490968,1,False
cell2320.png,0,Functional,poly,5.8955407,0.13393284,8.278271,-1.4398063,0,True
cell0460.png,1,Defective,mono,-20.35224,27.543451,-14.246898,17.481522,1,True
cell0121.png,0,Functional,poly,-3.3438222,-1.9666942,2.330263,12.79951,0,True
cell1848.png,0,Functional,poly,29.479584,11.193703,20.965956,0.6588155,0,True
cell0032.png,1,Defective,mono,-8.841153,-6.0123153,-8.794351,0.8943591,1,True
cell0305.png,1,Defective,poly,-4.5724435,-4.8154573,4.449213,11.068131,0,False
cell2505.png,0,Functional,poly,1.6565288,-4.8923907,6.319138,4.0812235,0,True
cell0950.png,1,Defective,mono,-0.8947444,-10.690109,-10.310985,-15.9134,0,False
cell1356.png,0,Functional,mono,3.7028859,-9.960961,-14.002199,-21.650335,0,True
cell1503.png,0,Functional,mono,-2.9450073,-12.262966,-13.383824,-12.93583,0,True
cell0737.png,0,Functional,poly,1.2372844,-6.3375254,-1.3728322,-0.1847232,0,True
cell1023.png,0,Functional,mono,-7.857272,-8.180108,-11.933349,-1.8360494,1,False
cell2147.png,0,Functional,mono,-2.294052,-11.925079,-8.531253,-9.465919,0,True
cell0875.png,1,Defective,poly,-13.960561,14.36192,-6.559935,16.024462,1,True
cell0709.png,0,Functional,poly,-3.776531,-9.561603,1.5619743,2.8567052,0,True
cell1185.png,0,Functional,mono,-3.7541058,-7.226579,-14.432422,-9.736699,1,False
cell1727.png,0,Functional,poly,30.98376,13.357815,22.528957,-1.0286307,0,True
cell0318.png,0,Functional,poly,-5.0135055,1.6337636,7.18889,11.555494,1,False
cell2302.png,0,Functional,poly,-0.576923,-2.9357674,6.6857,-4.006919,0,True
cell1363.png,0,Functional,mono,6.6797814,-7.899819,-14.85367,-21.76552,0,True
cell1192.png,0,Functional,mono,-2.838502,-10.885398,-12.01173,-12.586168,0,True
cell1779.png,0,Functional,poly,14.586424,7.540312,16.905527,0.031359542,0,True
cell2224.png,0,Functional,poly,6.536617,-4.870289,1.5356283,-12.364634,0,True
cell1310.png,0,Functional,mono,1.379323,-12.684198,-12.613056,-18.705576,0,True
cell1641.png,0,Functional,poly,6.931528,-1.0490547,12.129959,3.9722083,0,True
cell0650.png,0,Functional,poly,-4.281814,-2.5968122,3.114381,0.79181963,1,False
cell0117.png,0,Functional,poly,4.295483,-0.45153025,11.878254,8.940182,0,True
cell0636.png,1,Defective,poly,-4.4201756,0.2875637,4.370515,-3.151222,1,True
cell1424.png,1,Defective,mono,-1.6913017,-7.785227,-11.575349,-5.909715,0,False
cell0284.png,1,Defective,poly,-13.463514,9.9840765,-5.6524434,15.576527,1,True
cell0115.png,1,Defective,poly,-5.2340593,-0.32041922,5.475566,9.728012,1,True
cell2545.png,0,Functional,poly,-0.55763555,-8.532323,4.9544888,3.903136,0,True
cell2451.png,0,Functional,poly,10.077771,2.3774693,14.660627,6.74143,0,True
cell0358.png,0,Functional,poly,6.3087873,5.5770893,11.506688,11.142365,0,True
cell0434.png,1,Defective,mono,-20.527327,29.358074,-13.718068,17.710526,1,True
cell0262.png,0,Functional,poly,-4.876067,-3.8936484,3.9692924,10.570287,1,False
cell2007.png,0,Functional,poly,11.564149,4.7137094,14.470046,-3.313827,0,True
cell1830.png,0,Functional,poly,29.056326,13.554666,20.941883,-0.30439645,0,True
cell0610.png,0,Functional,poly,-6.357351,-6.5825834,1.1352888,6.550556,1,False
cell0920.png,0,Functional,mono,1.1132919,-5.476361,-7.3173475,-16.60407,0,True
cell1986.png,0,Functional,poly,3.159514,9.797045,12.929987,0.12290848,1,False
cell0365.png,1,Defective,mono,-14.673444,12.763867,-11.065371,13.383834,1,True
cell1639.png,1,Defective,poly,-15.372367,15.045474,-8.603366,16.482746,1,True
cell2019.png,0,Functional,poly,-3.500705,2.508975,5.34348,8.021491,1,False
cell1820.png,1,Defective,poly,26.505564,14.660078,22.006052,-2.0954275,0,False
cell0603.png,1,Defective,poly,-18.544712,16.515007,-9.229403,18.11652,1,True
cell0187.png,1,Defective,poly,-8.611248,1.3778712,-4.866343,11.724877,1,True
cell2404.png,0,Functional,mono,4.928904,-0.8766823,0.6494327,-10.774005,0,True
cell1654.png,1,Defective,poly,-15.56717,18.8658,-9.745353,16.043707,1,True
cell1047.png,0,Functional,mono,-8.0475025,-9.10859,-11.221799,-1.5096484,1,False
cell0340.png,0,Functional,poly,-2.3025122,-4.271426,6.0806904,10.628339,0,True
cell0700.png,1,Defective,poly,-6.0240874,-10.1389065,1.0605801,4.993234,0,False
cell0426.png,1,Defective,mono,-10.917973,2.1974623,-14.518756,11.681264,1,True
cell2385.png,0,Functional,poly,10.421583,-0.78034955,15.022086,5.022478,0,True
cell2031.png,0,Functional,poly,7.0672026,2.4044487,12.954355,-1.2917341,0,True
cell0581.png,0,Functional,poly,-4.2507925,-11.206283,0.0899336,4.2987742,0,True
cell0556.png,0,Functional,poly,-5.8594885,-5.038228,-1.1973485,4.5500345,1,False
cell1500.png,0,Functional,mono,-2.7160625,-9.022866,-16.134668,-10.897632,0,True
cell2335.png,1,Defective,poly,-13.7321205,3.0335705,-9.23411,5.813567,1,True
cell0496.png,1,Defective,mono,-13.107067,9.372885,-15.137288,13.853306,1,True
cell2291.png,0,Functional,poly,-0.325602,-1.3861468,7.616595,-1.6085122,0,True
cell0579.png,1,Defective,poly,-7.001254,-5.085673,-1.5530435,5.116799,1,True
cell0608.png,1,Defective,poly,-16.964413,14.176524,-8.600066,18.070042,1,True
cell0559.png,0,Functional,poly,-4.118537,-8.607755,2.0014632,3.6213868,0,True
cell2341.png,0,Functional,poly,9.091664,5.2008505,15.913648,3.9120893,0,True
cell1108.png,1,Defective,mono,-11.531951,26.460981,-15.697915,18.387314,1,True
cell1778.png,0,Functional,poly,23.458248,9.192098,19.6493,0.42512095,0,True
cell0338.png,0,Functional,poly,1.1840018,-0.91049415,7.1455092,10.338768,0,True
cell0767.png,0,Functional,poly,-2.548444,-5.7965,0.23546086,0.78991425,1,False
cell0868.png,1,Defective,poly,-12.78306,6.112709,-5.587904,14.187248,1,True
cell0465.png,0,Functional,mono,-2.5599976,-7.2453275,-7.486117,-2.0251713,0,True
cell1138.png,0,Functional,mono,-2.736779,-9.781111,-9.480806,-15.084997,0,True
cell1877.png,0,Functional,poly,34.241844,20.582167,22.869242,-2.2732074,0,True
cell0536.png,1,Defective,mono,-12.8157835,7.0461297,-14.706264,12.999625,1,True
cell0580.png,0,Functional,poly,-5.4844823,-9.353703,0.10756404,3.7807627,0,True
cell1544.png,0,Functional,mono,-2.8229442,-10.763093,-15.746346,-11.69765,0,True
cell1761.png,1,Defective,poly,23.336557,22.638155,21.975763,-3.4392736,0,False
cell0454.png,1,Defective,mono,-16.292183,16.26213,-16.037678,15.58309,1,True
cell2285.png,0,Functional,poly,1.0544673,-0.68400717,7.70664,-0.109821275,0,True
cell0664.png,0,Functional,poly,-9.292503,-3.5003798,-1.126167,7.9467587,1,False
cell1277.png,0,Functional,mono,4.3411856,-12.944895,-13.191278,-19.419792,0,True
cell1653.png,1,Defective,poly,-15.037234,16.506695,-8.031414,16.779081,1,True
cell0181.png,1,Defective,poly,-7.1485324,1.8450198,-2.197971,11.857759,1,True
cell1587.png,0,Functional,mono,1.5824028,-6.5695252,-18.045359,-12.711842,0,True
cell2499.png,0,Functional,poly,8.301733,-2.0414636,13.079247,7.5991063,0,True
cell1742.png,0,Functional,poly,14.880302,5.8725634,17.142897,0.20632657,0,True
cell1286.png,0,Functional,mono,2.4684827,-12.676117,-12.052698,-19.192953,0,True
cell2526.png,1,Defective,poly,0.62990963,-1.7914137,7.317073,4.2132974,0,False
cell0577.png,1,Defective,poly,-6.344913,-4.9593916,-1.597847,5.054349,1,True
cell0766.png,0,Functional,poly,-2.6785393,-8.391594,-0.034970164,1.5208688,0,True
cell0308.png,0,Functional,poly,-6.053172,-3.7273862,4.293586,9.181427,1,False
cell1793.png,0,Functional,poly,24.3845,9.692827,20.1481,-0.072447956,0,True
cell0315.png,0,Functional,poly,-5.112479,-3.006309,4.8421826,10.464022,1,False
cell0942.png,0,Functional,mono,0.062234923,-10.978953,-9.934482,-15.923163,0,True
cell0927.png,0,Functional,mono,4.3830876,-8.177017,-6.7944865,-19.071928,0,True
cell1758.png,0,Functional,poly,37.95643,17.976711,23.372356,-1.3448101,0,True
cell1967.png,0,Functional,poly,4.917009,3.636982,12.166767,-1.0012364,0,True
cell0147.png,1,Defective,poly,-5.81334,0.49913704,2.5608892,9.487832,1,True
cell1458.png,0,Functional,mono,-4.446905,-8.566545,-10.692366,-4.66169,0,True
cell0717.png,0,Functional,poly,4.962489,-1.693576,8.996253,-4.0960517,0,True
cell0246.png,1,Defective,poly,-18.73923,25.06226,-6.949394,18.061094,1,True
cell0193.png,1,Defective,poly,-3.2792869,-5.2689285,3.2107685,12.083973,0,False
cell1895.png,1,Defective,poly,-12.19592,0.3387602,-9.235243,5.6417174,1,True
cell1570.png,0,Functional,mono,5.5895505,-6.547029,-18.50832,-14.366645,0,True
cell0048.png,1,Defective,mono,-15.367297,16.223602,-10.557397,13.724653,1,True
cell0061.png,0,Functional,poly,-4.25675,-1.9917624,4.2194185,12.977532,1,False
cell1917.png,0,Functional,poly,11.083414,7.131391,16.007147,0.60896504,0,True
cell1530.png,0,Functional,mono,3.2314935,-8.43175,-19.335209,-12.668648,0,True
cell1435.png,0,Functional,mono,-3.0133264,-9.884546,-8.706147,-4.2816424,0,True
cell0923.png,0,Functional,mono,-0.17708668,-12.860766,-10.734925,-15.737991,0,True
cell2578.png,0,Functional,poly,26.873724,7.207221,20.709545,2.5034633,0,True
cell2493.png,0,Functional,poly,5.972946,-2.7789824,12.761944,6.569446,0,True
cell1655.png,1,Defective,poly,-17.632692,25.594967,-11.270444,17.186926,1,True
cell2327.png,1,Defective,poly,-8.091326,9.105901,-8.83055,10.224634,1,True
cell0858.png,1,Defective,poly,-9.955599,4.8322587,-3.2847354,13.266894,1,True
cell1396.png,1,Defective,mono,-6.192182,-4.6254053,-10.452094,-3.7966442,1,True
cell1421.png,1,Defective,mono,-2.3250139,-8.216704,-9.55045,-4.8543296,0,False
cell0416.png,1,Defective,mono,-11.72031,6.399018,-13.810458,12.321493,1,True
cell1632.png,1,Defective,poly,-16.867117,19.618256,-9.711272,16.608032,1,True
cell0982.png,0,Functional,mono,-3.7813797,-7.014764,-12.547532,-5.13366,0,True
cell0806.png,1,Defective,poly,1.522495,0.4886998,8.734821,5.9399753,0,False
cell0258.png,1,Defective,poly,-3.5789921,8.81826,8.906944,13.125753,1,True
cell1211.png,0,Functional,mono,0.38778013,-10.680208,-15.362755,-14.107608,0,True
cell1113.png,0,Functional,mono,1.7040893,-5.524619,-7.0785823,-17.68987,0,True
cell1200.png,0,Functional,mono,-3.8838623,-10.952446,-11.949932,-12.030962,0,True
cell1723.png,0,Functional,poly,22.032387,5.2567763,18.925339,1.0947638,0,True
cell0373.png,1,Defective,mono,-13.081245,2.6498504,-14.844213,11.802224,1,True
cell2328.png,1,Defective,poly,-13.159293,2.1994662,-9.227002,5.791142,1,True
cell0009.png,0,Functional,mono,-7.5210156,-7.933622,-8.778263,0.48265937,1,False
