filename,filepath,label,class_name,cell_type,Defective_Probability,Predicted_Label,Predicted_Class,Correct,Prediction_Confidence
cell1610.png,/content/elpv-dataset/src/elpv_dataset/data/images/cell1610.png,0,Functional,mono,0.023808477,0,Functional,True,0.976191523
cell0480.png,/content/elpv-dataset/src/elpv_dataset/data/images/cell0480.png,0,Functional,mono,0.36335027,1,Defective,False,0.36335027
cell1003.png,/content/elpv-dataset/src/elpv_dataset/data/images/cell1003.png,1,Defective,mono,0.6377631,1,Defective,True,0.6377631
cell1620.png,/content/elpv-dataset/src/elpv_dataset/data/images/cell1620.png,0,Functional,poly,0.0015937467,0,Functional,True,0.9984062533
cell1417.png,/content/elpv-dataset/src/elpv_dataset/data/images/cell1417.png,1,Defective,mono,0.29157662,1,Defective,True,0.29157662
cell2208.png,/content/elpv-dataset/src/elpv_dataset/data/images/cell2208.png,0,Functional,mono,0.105192766,0,Functional,True,0.894807234
cell2492.png,/content/elpv-dataset/src/elpv_dataset/data/images/cell2492.png,0,Functional,poly,0.014609085,0,Functional,True,0.985390915
cell0968.png,/content/elpv-dataset/src/elpv_dataset/data/images/cell0968.png,0,Functional,mono,0.020705575,0,Functional,True,0.979294425
cell2189.png,/content/elpv-dataset/src/elpv_dataset/data/images/cell2189.png,0,Functional,mono,0.00437455,0,Functional,True,0.99562545
cell1652.png,/content/elpv-dataset/src/elpv_dataset/data/images/cell1652.png,1,Defective,poly,0.9999728,1,Defective,True,0.9999728
cell0932.png,/content/elpv-dataset/src/elpv_dataset/data/images/cell0932.png,0,Functional,mono,0.0687029,0,Functional,True,0.9312971
cell2509.png,/content/elpv-dataset/src/elpv_dataset/data/images/cell2509.png,1,Defective,poly,0.97661716,1,Defective,True,0.97661716
cell2365.png,/content/elpv-dataset/src/elpv_dataset/data/images/cell2365.png,0,Functional,poly,5.9747203e-05,0,Functional,True,0.999940252797
cell0623.png,/content/elpv-dataset/src/elpv_dataset/data/images/cell0623.png,0,Functional,poly,0.8561561,1,Defective,False,0.8561561
cell1889.png,/content/elpv-dataset/src/elpv_dataset/data/images/cell1889.png,0,Functional,poly,0.00020353407,0,Functional,True,0.99979646593
cell0573.png,/content/elpv-dataset/src/elpv_dataset/data/images/cell0573.png,0,Functional,poly,0.2764395,1,Defective,False,0.2764395
cell2033.png,/content/elpv-dataset/src/elpv_dataset/data/images/cell2033.png,0,Functional,poly,0.0019164537,0,Functional,True,0.9980835463
cell1319.png,/content/elpv-dataset/src/elpv_dataset/data/images/cell1319.png,0,Functional,mono,0.00018100702,0,Functional,True,0.99981899298
cell1374.png,/content/elpv-dataset/src/elpv_dataset/data/images/cell1374.png,0,Functional,mono,0.00044231815,0,Functional,True,0.99955768185
cell2502.png,/content/elpv-dataset/src/elpv_dataset/data/images/cell2502.png,0,Functional,poly,0.024920871,0,Functional,True,0.975079129
cell0543.png,/content/elpv-dataset/src/elpv_dataset/data/images/cell0543.png,0,Functional,poly,0.37657368,1,Defective,False,0.37657368
cell1574.png,/content/elpv-dataset/src/elpv_dataset/data/images/cell1574.png,0,Functional,mono,0.011075602,0,Functional,True,0.988924398
cell2264.png,/content/elpv-dataset/src/elpv_dataset/data/images/cell2264.png,0,Functional,poly,0.00012949899,0,Functional,True,0.99987050101
cell0795.png,/content/elpv-dataset/src/elpv_dataset/data/images/cell0795.png,1,Defective,poly,0.15733796,0,Functional,False,0.84266204
cell1782.png,/content/elpv-dataset/src/elpv_dataset/data/images/cell1782.png,0,Functional,poly,0.00316651,0,Functional,True,0.99683349
cell1577.png,/content/elpv-dataset/src/elpv_dataset/data/images/cell1577.png,0,Functional,mono,0.018368464,0,Functional,True,0.981631536
cell0364.png,/content/elpv-dataset/src/elpv_dataset/data/images/cell0364.png,1,Defective,mono,0.99962974,1,Defective,True,0.99962974
cell1608.png,/content/elpv-dataset/src/elpv_dataset/data/images/cell1608.png,0,Functional,mono,0.026102286,0,Functional,True,0.973897714
cell0065.png,/content/elpv-dataset/src/elpv_dataset/data/images/cell0065.png,0,Functional,poly,0.011353544,0,Functional,True,0.988646456
cell1550.png,/content/elpv-dataset/src/elpv_dataset/data/images/cell1550.png,0,Functional,mono,0.06795919,0,Functional,True,0.9320408099999999
cell0136.png,/content/elpv-dataset/src/elpv_dataset/data/images/cell0136.png,0,Functional,poly,0.040778432,0,Functional,True,0.959221568
cell0907.png,/content/elpv-dataset/src/elpv_dataset/data/images/cell0907.png,0,Functional,mono,0.018502159,0,Functional,True,0.981497841
cell0495.png,/content/elpv-dataset/src/elpv_dataset/data/images/cell0495.png,1,Defective,mono,0.9994609,1,Defective,True,0.9994609
cell0595.png,/content/elpv-dataset/src/elpv_dataset/data/images/cell0595.png,1,Defective,poly,0.103050955,0,Functional,False,0.896949045
cell1144.png,/content/elpv-dataset/src/elpv_dataset/data/images/cell1144.png,0,Functional,mono,0.08749255,0,Functional,True,0.91250745
cell0971.png,/content/elpv-dataset/src/elpv_dataset/data/images/cell0971.png,0,Functional,mono,0.5029283,1,Defective,False,0.5029283
cell1874.png,/content/elpv-dataset/src/elpv_dataset/data/images/cell1874.png,0,Functional,poly,6.224406e-06,0,Functional,True,0.999993775594
cell2042.png,/content/elpv-dataset/src/elpv_dataset/data/images/cell2042.png,1,Defective,poly,0.83970135,1,Defective,True,0.83970135
cell2311.png,/content/elpv-dataset/src/elpv_dataset/data/images/cell2311.png,0,Functional,poly,0.0054709865,0,Functional,True,0.9945290135
cell0723.png,/content/elpv-dataset/src/elpv_dataset/data/images/cell0723.png,0,Functional,poly,0.1568047,0,Functional,True,0.8431953
cell0730.png,/content/elpv-dataset/src/elpv_dataset/data/images/cell0730.png,0,Functional,poly,0.18799284,0,Functional,True,0.8120071600000001
cell0444.png,/content/elpv-dataset/src/elpv_dataset/data/images/cell0444.png,1,Defective,mono,0.9982792,1,Defective,True,0.9982792
cell2108.png,/content/elpv-dataset/src/elpv_dataset/data/images/cell2108.png,0,Functional,poly,0.018198691,0,Functional,True,0.981801309
cell1352.png,/content/elpv-dataset/src/elpv_dataset/data/images/cell1352.png,0,Functional,mono,0.0012920985,0,Functional,True,0.9987079015
cell1957.png,/content/elpv-dataset/src/elpv_dataset/data/images/cell1957.png,1,Defective,poly,0.034613986,0,Functional,False,0.965386014
cell0522.png,/content/elpv-dataset/src/elpv_dataset/data/images/cell0522.png,1,Defective,mono,0.41054004,1,Defective,True,0.41054004
cell2398.png,/content/elpv-dataset/src/elpv_dataset/data/images/cell2398.png,0,Functional,mono,0.0016475015,0,Functional,True,0.9983524985
cell2217.png,/content/elpv-dataset/src/elpv_dataset/data/images/cell2217.png,0,Functional,poly,0.0017466273,0,Functional,True,0.9982533727
cell1170.png,/content/elpv-dataset/src/elpv_dataset/data/images/cell1170.png,0,Functional,mono,0.08193114,0,Functional,True,0.91806886
cell1103.png,/content/elpv-dataset/src/elpv_dataset/data/images/cell1103.png,1,Defective,mono,0.0014839013,0,Functional,False,0.9985160987
cell1741.png,/content/elpv-dataset/src/elpv_dataset/data/images/cell1741.png,0,Functional,poly,4.2542088e-06,0,Functional,True,0.9999957457912
cell2156.png,/content/elpv-dataset/src/elpv_dataset/data/images/cell2156.png,0,Functional,mono,0.020068863,0,Functional,True,0.979931137
cell0724.png,/content/elpv-dataset/src/elpv_dataset/data/images/cell0724.png,0,Functional,poly,0.35970825,1,Defective,False,0.35970825
cell1107.png,/content/elpv-dataset/src/elpv_dataset/data/images/cell1107.png,0,Functional,mono,0.0010805967,0,Functional,True,0.9989194033
cell1532.png,/content/elpv-dataset/src/elpv_dataset/data/images/cell1532.png,0,Functional,mono,0.095571116,0,Functional,True,0.904428884
cell2123.png,/content/elpv-dataset/src/elpv_dataset/data/images/cell2123.png,0,Functional,poly,0.013630629,0,Functional,True,0.986369371
cell1024.png,/content/elpv-dataset/src/elpv_dataset/data/images/cell1024.png,0,Functional,mono,0.8424747,1,Defective,False,0.8424747
cell1998.png,/content/elpv-dataset/src/elpv_dataset/data/images/cell1998.png,0,Functional,poly,0.00026356403,0,Functional,True,0.99973643597
cell0055.png,/content/elpv-dataset/src/elpv_dataset/data/images/cell0055.png,1,Defective,mono,0.9993092,1,Defective,True,0.9993092
cell2160.png,/content/elpv-dataset/src/elpv_dataset/data/images/cell2160.png,0,Functional,mono,0.008452582,0,Functional,True,0.991547418
cell0774.png,/content/elpv-dataset/src/elpv_dataset/data/images/cell0774.png,0,Functional,poly,0.5644481,1,Defective,False,0.5644481
cell0359.png,/content/elpv-dataset/src/elpv_dataset/data/images/cell0359.png,0,Functional,poly,0.03700937,0,Functional,True,0.96299063
cell1925.png,/content/elpv-dataset/src/elpv_dataset/data/images/cell1925.png,0,Functional,poly,0.0007049308,0,Functional,True,0.9992950692
cell1962.png,/content/elpv-dataset/src/elpv_dataset/data/images/cell1962.png,1,Defective,poly,0.9992067,1,Defective,True,0.9992067
cell1509.png,/content/elpv-dataset/src/elpv_dataset/data/images/cell1509.png,0,Functional,mono,0.022168461,0,Functional,True,0.977831539
cell0995.png,/content/elpv-dataset/src/elpv_dataset/data/images/cell0995.png,0,Functional,mono,0.17203172,0,Functional,True,0.82796828
cell2439.png,/content/elpv-dataset/src/elpv_dataset/data/images/cell2439.png,1,Defective,mono,0.030924903,0,Functional,False,0.969075097
cell1893.png,/content/elpv-dataset/src/elpv_dataset/data/images/cell1893.png,0,Functional,poly,0.00094687083,0,Functional,True,0.99905312917
cell1728.png,/content/elpv-dataset/src/elpv_dataset/data/images/cell1728.png,1,Defective,poly,0.9964031,1,Defective,True,0.9964031
cell1217.png,/content/elpv-dataset/src/elpv_dataset/data/images/cell1217.png,0,Functional,mono,0.011155469,0,Functional,True,0.988844531
cell0489.png,/content/elpv-dataset/src/elpv_dataset/data/images/cell0489.png,1,Defective,mono,0.9967962,1,Defective,True,0.9967962
cell0012.png,/content/elpv-dataset/src/elpv_dataset/data/images/cell0012.png,1,Defective,mono,0.99995565,1,Defective,True,0.99995565
cell0589.png,/content/elpv-dataset/src/elpv_dataset/data/images/cell0589.png,0,Functional,poly,0.04239384,0,Functional,True,0.95760616
cell1249.png,/content/elpv-dataset/src/elpv_dataset/data/images/cell1249.png,0,Functional,mono,0.017611796,0,Functional,True,0.982388204
cell1065.png,/content/elpv-dataset/src/elpv_dataset/data/images/cell1065.png,1,Defective,mono,0.5933646,1,Defective,True,0.5933646
cell2296.png,/content/elpv-dataset/src/elpv_dataset/data/images/cell2296.png,0,Functional,poly,0.10165581,0,Functional,True,0.89834419
cell1092.png,/content/elpv-dataset/src/elpv_dataset/data/images/cell1092.png,0,Functional,mono,0.011271795,0,Functional,True,0.988728205
cell1114.png,/content/elpv-dataset/src/elpv_dataset/data/images/cell1114.png,0,Functional,mono,0.0052365484,0,Functional,True,0.9947634516
cell0712.png,/content/elpv-dataset/src/elpv_dataset/data/images/cell0712.png,1,Defective,poly,0.9016284,1,Defective,True,0.9016284
cell0366.png,/content/elpv-dataset/src/elpv_dataset/data/images/cell0366.png,1,Defective,mono,0.99993765,1,Defective,True,0.99993765
cell1592.png,/content/elpv-dataset/src/elpv_dataset/data/images/cell1592.png,0,Functional,mono,0.035550267,0,Functional,True,0.964449733
cell2002.png,/content/elpv-dataset/src/elpv_dataset/data/images/cell2002.png,0,Functional,poly,0.04277161,0,Functional,True,0.95722839
cell0175.png,/content/elpv-dataset/src/elpv_dataset/data/images/cell0175.png,0,Functional,poly,0.7499315,1,Defective,False,0.7499315
cell2513.png,/content/elpv-dataset/src/elpv_dataset/data/images/cell2513.png,0,Functional,poly,0.0037059023,0,Functional,True,0.9962940977
cell1496.png,/content/elpv-dataset/src/elpv_dataset/data/images/cell1496.png,0,Functional,mono,0.026407614,0,Functional,True,0.973592386
cell2429.png,/content/elpv-dataset/src/elpv_dataset/data/images/cell2429.png,0,Functional,mono,0.0137507375,0,Functional,True,0.9862492625
cell0638.png,/content/elpv-dataset/src/elpv_dataset/data/images/cell0638.png,0,Functional,poly,0.188197,0,Functional,True,0.811803
cell2333.png,/content/elpv-dataset/src/elpv_dataset/data/images/cell2333.png,1,Defective,poly,0.6409102,1,Defective,True,0.6409102
cell1112.png,/content/elpv-dataset/src/elpv_dataset/data/images/cell1112.png,0,Functional,mono,0.014132915,0,Functional,True,0.985867085
cell1163.png,/content/elpv-dataset/src/elpv_dataset/data/images/cell1163.png,1,Defective,mono,0.20182677,0,Functional,False,0.79817323
cell2301.png,/content/elpv-dataset/src/elpv_dataset/data/images/cell2301.png,0,Functional,poly,0.045992196,0,Functional,True,0.954007804
cell0286.png,/content/elpv-dataset/src/elpv_dataset/data/images/cell0286.png,1,Defective,poly,0.9974885,1,Defective,True,0.9974885
cell2421.png,/content/elpv-dataset/src/elpv_dataset/data/images/cell2421.png,0,Functional,mono,0.000888399,0,Functional,True,0.999111601
cell0396.png,/content/elpv-dataset/src/elpv_dataset/data/images/cell0396.png,1,Defective,mono,0.9989208,1,Defective,True,0.9989208
cell0824.png,/content/elpv-dataset/src/elpv_dataset/data/images/cell0824.png,0,Functional,poly,0.31022,1,Defective,False,0.31022
cell0050.png,/content/elpv-dataset/src/elpv_dataset/data/images/cell0050.png,1,Defective,mono,0.90218973,1,Defective,True,0.90218973
cell1589.png,/content/elpv-dataset/src/elpv_dataset/data/images/cell1589.png,1,Defective,mono,0.046626285,0,Functional,False,0.953373715
cell0584.png,/content/elpv-dataset/src/elpv_dataset/data/images/cell0584.png,0,Functional,poly,0.117226966,0,Functional,True,0.882773034
cell2394.png,/content/elpv-dataset/src/elpv_dataset/data/images/cell2394.png,0,Functional,poly,0.0044445926,0,Functional,True,0.9955554074
cell0852.png,/content/elpv-dataset/src/elpv_dataset/data/images/cell0852.png,1,Defective,poly,0.9989796,1,Defective,True,0.9989796
cell2453.png,/content/elpv-dataset/src/elpv_dataset/data/images/cell2453.png,0,Functional,poly,0.06834083,0,Functional,True,0.93165917
cell0431.png,/content/elpv-dataset/src/elpv_dataset/data/images/cell0431.png,1,Defective,mono,0.9985442,1,Defective,True,0.9985442
cell2377.png,/content/elpv-dataset/src/elpv_dataset/data/images/cell2377.png,0,Functional,poly,6.223735e-05,0,Functional,True,0.99993776265
cell0023.png,/content/elpv-dataset/src/elpv_dataset/data/images/cell0023.png,1,Defective,mono,0.97868776,1,Defective,True,0.97868776
cell1827.png,/content/elpv-dataset/src/elpv_dataset/data/images/cell1827.png,0,Functional,poly,6.0641745e-05,0,Functional,True,0.999939358255
cell1829.png,/content/elpv-dataset/src/elpv_dataset/data/images/cell1829.png,0,Functional,poly,0.00029055282,0,Functional,True,0.99970944718
cell1258.png,/content/elpv-dataset/src/elpv_dataset/data/images/cell1258.png,0,Functional,mono,0.0006035966,0,Functional,True,0.9993964034
cell0078.png,/content/elpv-dataset/src/elpv_dataset/data/images/cell0078.png,1,Defective,poly,0.8105973,1,Defective,True,0.8105973
cell1274.png,/content/elpv-dataset/src/elpv_dataset/data/images/cell1274.png,0,Functional,mono,0.0015267085,0,Functional,True,0.9984732915
cell2461.png,/content/elpv-dataset/src/elpv_dataset/data/images/cell2461.png,0,Functional,poly,0.0005422353,0,Functional,True,0.9994577647
cell0344.png,/content/elpv-dataset/src/elpv_dataset/data/images/cell0344.png,0,Functional,poly,0.20649858,0,Functional,True,0.79350142
cell0645.png,/content/elpv-dataset/src/elpv_dataset/data/images/cell0645.png,1,Defective,poly,0.7041424,1,Defective,True,0.7041424
cell0451.png,/content/elpv-dataset/src/elpv_dataset/data/images/cell0451.png,1,Defective,mono,0.99994624,1,Defective,True,0.99994624
cell1164.png,/content/elpv-dataset/src/elpv_dataset/data/images/cell1164.png,0,Functional,mono,0.12033334,0,Functional,True,0.87966666
cell0453.png,/content/elpv-dataset/src/elpv_dataset/data/images/cell0453.png,1,Defective,mono,0.32168972,1,Defective,True,0.32168972
cell1857.png,/content/elpv-dataset/src/elpv_dataset/data/images/cell1857.png,0,Functional,poly,4.341929e-05,0,Functional,True,0.99995658071
cell1611.png,/content/elpv-dataset/src/elpv_dataset/data/images/cell1611.png,0,Functional,mono,0.04896897,0,Functional,True,0.95103103
cell1139.png,/content/elpv-dataset/src/elpv_dataset/data/images/cell1139.png,0,Functional,mono,0.06675196,0,Functional,True,0.9332480400000001
cell1858.png,/content/elpv-dataset/src/elpv_dataset/data/images/cell1858.png,0,Functional,poly,0.0056978622,0,Functional,True,0.9943021378
cell2269.png,/content/elpv-dataset/src/elpv_dataset/data/images/cell2269.png,0,Functional,poly,0.0014103411,0,Functional,True,0.9985896589
cell0856.png,/content/elpv-dataset/src/elpv_dataset/data/images/cell0856.png,1,Defective,poly,0.9916441,1,Defective,True,0.9916441
cell1203.png,/content/elpv-dataset/src/elpv_dataset/data/images/cell1203.png,0,Functional,mono,0.11135128,0,Functional,True,0.88864872
cell0171.png,/content/elpv-dataset/src/elpv_dataset/data/images/cell0171.png,1,Defective,poly,0.9986828,1,Defective,True,0.9986828
cell2383.png,/content/elpv-dataset/src/elpv_dataset/data/images/cell2383.png,0,Functional,poly,9.454171e-06,0,Functional,True,0.999990545829
cell1037.png,/content/elpv-dataset/src/elpv_dataset/data/images/cell1037.png,0,Functional,mono,0.713529,1,Defective,False,0.713529
cell0663.png,/content/elpv-dataset/src/elpv_dataset/data/images/cell0663.png,1,Defective,poly,0.99999034,1,Defective,True,0.99999034
cell0975.png,/content/elpv-dataset/src/elpv_dataset/data/images/cell0975.png,0,Functional,mono,0.5375033,1,Defective,False,0.5375033
cell0435.png,/content/elpv-dataset/src/elpv_dataset/data/images/cell0435.png,1,Defective,mono,0.5391774,1,Defective,True,0.5391774
cell0091.png,/content/elpv-dataset/src/elpv_dataset/data/images/cell0091.png,1,Defective,poly,0.37116775,1,Defective,True,0.37116775
cell1800.png,/content/elpv-dataset/src/elpv_dataset/data/images/cell1800.png,0,Functional,poly,6.66122e-05,0,Functional,True,0.9999333878
cell2621.png,/content/elpv-dataset/src/elpv_dataset/data/images/cell2621.png,0,Functional,poly,0.0009001263,0,Functional,True,0.9990998737
cell2304.png,/content/elpv-dataset/src/elpv_dataset/data/images/cell2304.png,0,Functional,poly,0.05241746,0,Functional,True,0.94758254
cell1230.png,/content/elpv-dataset/src/elpv_dataset/data/images/cell1230.png,0,Functional,mono,0.0007547656,0,Functional,True,0.9992452344
cell1968.png,/content/elpv-dataset/src/elpv_dataset/data/images/cell1968.png,0,Functional,poly,0.08329436,0,Functional,True,0.91670564
cell0342.png,/content/elpv-dataset/src/elpv_dataset/data/images/cell0342.png,1,Defective,poly,0.1340758,0,Functional,False,0.8659242
cell2390.png,/content/elpv-dataset/src/elpv_dataset/data/images/cell2390.png,0,Functional,poly,0.004554747,0,Functional,True,0.995445253
cell1695.png,/content/elpv-dataset/src/elpv_dataset/data/images/cell1695.png,0,Functional,poly,0.004443287,0,Functional,True,0.995556713
cell1763.png,/content/elpv-dataset/src/elpv_dataset/data/images/cell1763.png,0,Functional,poly,4.510661e-07,0,Functional,True,0.9999995489339
cell1730.png,/content/elpv-dataset/src/elpv_dataset/data/images/cell1730.png,1,Defective,poly,0.9986797,1,Defective,True,0.9986797
cell0609.png,/content/elpv-dataset/src/elpv_dataset/data/images/cell0609.png,1,Defective,poly,0.7404522,1,Defective,True,0.7404522
cell2485.png,/content/elpv-dataset/src/elpv_dataset/data/images/cell2485.png,0,Functional,poly,0.008650657,0,Functional,True,0.991349343
cell2164.png,/content/elpv-dataset/src/elpv_dataset/data/images/cell2164.png,0,Functional,mono,0.010752368,0,Functional,True,0.989247632
cell0946.png,/content/elpv-dataset/src/elpv_dataset/data/images/cell0946.png,0,Functional,mono,0.01927423,0,Functional,True,0.98072577
cell1239.png,/content/elpv-dataset/src/elpv_dataset/data/images/cell1239.png,0,Functional,mono,0.0023769778,0,Functional,True,0.9976230222
cell0177.png,/content/elpv-dataset/src/elpv_dataset/data/images/cell0177.png,1,Defective,poly,0.69409174,1,Defective,True,0.69409174
cell0273.png,/content/elpv-dataset/src/elpv_dataset/data/images/cell0273.png,0,Functional,poly,0.12802793,0,Functional,True,0.87197207
cell1035.png,/content/elpv-dataset/src/elpv_dataset/data/images/cell1035.png,0,Functional,mono,0.41857338,1,Defective,False,0.41857338
cell0632.png,/content/elpv-dataset/src/elpv_dataset/data/images/cell0632.png,1,Defective,poly,0.20821185,0,Functional,False,0.79178815
cell0212.png,/content/elpv-dataset/src/elpv_dataset/data/images/cell0212.png,1,Defective,poly,0.9588189,1,Defective,True,0.9588189
cell0527.png,/content/elpv-dataset/src/elpv_dataset/data/images/cell0527.png,1,Defective,mono,0.983225,1,Defective,True,0.983225
cell0139.png,/content/elpv-dataset/src/elpv_dataset/data/images/cell0139.png,0,Functional,poly,0.11741786,0,Functional,True,0.88258214
cell1335.png,/content/elpv-dataset/src/elpv_dataset/data/images/cell1335.png,0,Functional,mono,0.00036223384,0,Functional,True,0.99963776616
cell1984.png,/content/elpv-dataset/src/elpv_dataset/data/images/cell1984.png,0,Functional,poly,0.003933112,0,Functional,True,0.996066888
cell1100.png,/content/elpv-dataset/src/elpv_dataset/data/images/cell1100.png,1,Defective,mono,0.011361693,0,Functional,False,0.988638307
cell0339.png,/content/elpv-dataset/src/elpv_dataset/data/images/cell0339.png,0,Functional,poly,0.1578118,0,Functional,True,0.8421882
cell1650.png,/content/elpv-dataset/src/elpv_dataset/data/images/cell1650.png,1,Defective,poly,0.9998877,1,Defective,True,0.9998877
cell0461.png,/content/elpv-dataset/src/elpv_dataset/data/images/cell0461.png,1,Defective,mono,0.98935974,1,Defective,True,0.98935974
cell0400.png,/content/elpv-dataset/src/elpv_dataset/data/images/cell0400.png,1,Defective,mono,0.99976486,1,Defective,True,0.99976486
cell2358.png,/content/elpv-dataset/src/elpv_dataset/data/images/cell2358.png,0,Functional,poly,7.695134e-06,0,Functional,True,0.999992304866
cell2442.png,/content/elpv-dataset/src/elpv_dataset/data/images/cell2442.png,0,Functional,mono,0.033320226,0,Functional,True,0.966679774
cell1571.png,/content/elpv-dataset/src/elpv_dataset/data/images/cell1571.png,0,Functional,mono,0.0019753887,0,Functional,True,0.9980246113
cell0924.png,/content/elpv-dataset/src/elpv_dataset/data/images/cell0924.png,0,Functional,mono,0.013032377,0,Functional,True,0.986967623
cell2236.png,/content/elpv-dataset/src/elpv_dataset/data/images/cell2236.png,0,Functional,poly,0.00068062893,0,Functional,True,0.99931937107
cell1944.png,/content/elpv-dataset/src/elpv_dataset/data/images/cell1944.png,0,Functional,poly,2.1297637e-05,0,Functional,True,0.999978702363
cell0094.png,/content/elpv-dataset/src/elpv_dataset/data/images/cell0094.png,0,Functional,poly,0.012246765,0,Functional,True,0.987753235
cell0823.png,/content/elpv-dataset/src/elpv_dataset/data/images/cell0823.png,0,Functional,poly,0.2022242,0,Functional,True,0.7977758
cell2380.png,/content/elpv-dataset/src/elpv_dataset/data/images/cell2380.png,0,Functional,poly,0.00027952043,0,Functional,True,0.99972047957
cell0601.png,/content/elpv-dataset/src/elpv_dataset/data/images/cell0601.png,1,Defective,poly,0.99947983,1,Defective,True,0.99947983
cell0116.png,/content/elpv-dataset/src/elpv_dataset/data/images/cell0116.png,0,Functional,poly,0.09474367,0,Functional,True,0.90525633
cell1029.png,/content/elpv-dataset/src/elpv_dataset/data/images/cell1029.png,0,Functional,mono,0.41692683,1,Defective,False,0.41692683
cell0497.png,/content/elpv-dataset/src/elpv_dataset/data/images/cell0497.png,1,Defective,mono,0.51139855,1,Defective,True,0.51139855
cell1702.png,/content/elpv-dataset/src/elpv_dataset/data/images/cell1702.png,0,Functional,poly,0.025258541,0,Functional,True,0.974741459
cell2026.png,/content/elpv-dataset/src/elpv_dataset/data/images/cell2026.png,0,Functional,poly,0.015974397,0,Functional,True,0.984025603
cell0524.png,/content/elpv-dataset/src/elpv_dataset/data/images/cell0524.png,1,Defective,mono,0.9999343,1,Defective,True,0.9999343
cell2524.png,/content/elpv-dataset/src/elpv_dataset/data/images/cell2524.png,0,Functional,poly,0.0111394385,0,Functional,True,0.9888605615
cell1402.png,/content/elpv-dataset/src/elpv_dataset/data/images/cell1402.png,0,Functional,mono,0.11096448,0,Functional,True,0.88903552
cell0619.png,/content/elpv-dataset/src/elpv_dataset/data/images/cell0619.png,0,Functional,poly,0.27509513,1,Defective,False,0.27509513
cell2473.png,/content/elpv-dataset/src/elpv_dataset/data/images/cell2473.png,0,Functional,poly,0.000804716,0,Functional,True,0.999195284
cell2041.png,/content/elpv-dataset/src/elpv_dataset/data/images/cell2041.png,0,Functional,poly,0.09286238,0,Functional,True,0.90713762
cell0361.png,/content/elpv-dataset/src/elpv_dataset/data/images/cell0361.png,1,Defective,mono,0.9980422,1,Defective,True,0.9980422
cell1041.png,/content/elpv-dataset/src/elpv_dataset/data/images/cell1041.png,1,Defective,mono,0.6333786,1,Defective,True,0.6333786
cell2199.png,/content/elpv-dataset/src/elpv_dataset/data/images/cell2199.png,0,Functional,mono,0.06499946,0,Functional,True,0.93500054
cell0763.png,/content/elpv-dataset/src/elpv_dataset/data/images/cell0763.png,0,Functional,poly,0.26209944,1,Defective,False,0.26209944
cell1229.png,/content/elpv-dataset/src/elpv_dataset/data/images/cell1229.png,0,Functional,mono,0.037627824,0,Functional,True,0.962372176
cell1970.png,/content/elpv-dataset/src/elpv_dataset/data/images/cell1970.png,0,Functional,poly,0.01749929,0,Functional,True,0.98250071
cell0296.png,/content/elpv-dataset/src/elpv_dataset/data/images/cell0296.png,1,Defective,poly,0.87730795,1,Defective,True,0.87730795
cell0621.png,/content/elpv-dataset/src/elpv_dataset/data/images/cell0621.png,0,Functional,poly,0.7295043,1,Defective,False,0.7295043
cell0131.png,/content/elpv-dataset/src/elpv_dataset/data/images/cell0131.png,0,Functional,poly,0.036026254,0,Functional,True,0.963973746
cell2601.png,/content/elpv-dataset/src/elpv_dataset/data/images/cell2601.png,0,Functional,poly,7.1168456e-06,0,Functional,True,0.9999928831544
cell2253.png,/content/elpv-dataset/src/elpv_dataset/data/images/cell2253.png,0,Functional,poly,0.0005808832,0,Functional,True,0.9994191168
cell0154.png,/content/elpv-dataset/src/elpv_dataset/data/images/cell0154.png,0,Functional,poly,0.15900074,0,Functional,True,0.84099926
cell0729.png,/content/elpv-dataset/src/elpv_dataset/data/images/cell0729.png,0,Functional,poly,0.13812664,0,Functional,True,0.86187336
cell1093.png,/content/elpv-dataset/src/elpv_dataset/data/images/cell1093.png,0,Functional,mono,0.017208986,0,Functional,True,0.982791014
cell0575.png,/content/elpv-dataset/src/elpv_dataset/data/images/cell0575.png,0,Functional,poly,0.07047305,0,Functional,True,0.92952695
cell1644.png,/content/elpv-dataset/src/elpv_dataset/data/images/cell1644.png,0,Functional,poly,0.053978335,0,Functional,True,0.946021665
cell0732.png,/content/elpv-dataset/src/elpv_dataset/data/images/cell0732.png,1,Defective,poly,0.18234302,0,Functional,False,0.81765698
cell2535.png,/content/elpv-dataset/src/elpv_dataset/data/images/cell2535.png,0,Functional,poly,0.01080336,0,Functional,True,0.98919664
cell1030.png,/content/elpv-dataset/src/elpv_dataset/data/images/cell1030.png,1,Defective,mono,0.5963381,1,Defective,True,0.5963381
cell1263.png,/content/elpv-dataset/src/elpv_dataset/data/images/cell1263.png,0,Functional,mono,0.0013044737,0,Functional,True,0.9986955263
cell0671.png,/content/elpv-dataset/src/elpv_dataset/data/images/cell0671.png,1,Defective,poly,0.94972396,1,Defective,True,0.94972396
cell1672.png,/content/elpv-dataset/src/elpv_dataset/data/images/cell1672.png,1,Defective,poly,0.9994221,1,Defective,True,0.9994221
cell2270.png,/content/elpv-dataset/src/elpv_dataset/data/images/cell2270.png,0,Functional,poly,0.0012914109,0,Functional,True,0.9987085891
cell1597.png,/content/elpv-dataset/src/elpv_dataset/data/images/cell1597.png,0,Functional,mono,0.065909915,0,Functional,True,0.934090085
cell1760.png,/content/elpv-dataset/src/elpv_dataset/data/images/cell1760.png,0,Functional,poly,0.00044708114,0,Functional,True,0.99955291886
cell0331.png,/content/elpv-dataset/src/elpv_dataset/data/images/cell0331.png,0,Functional,poly,0.59293455,1,Defective,False,0.59293455
cell2320.png,/content/elpv-dataset/src/elpv_dataset/data/images/cell2320.png,0,Functional,poly,0.020608203,0,Functional,True,0.979391797
cell0460.png,/content/elpv-dataset/src/elpv_dataset/data/images/cell0460.png,1,Defective,mono,0.9999894,1,Defective,True,0.9999894
cell0121.png,/content/elpv-dataset/src/elpv_dataset/data/images/cell0121.png,0,Functional,poly,0.1444185,0,Functional,True,0.8555815
cell1848.png,/content/elpv-dataset/src/elpv_dataset/data/images/cell1848.png,0,Functional,poly,3.2843457e-06,0,Functional,True,0.9999967156543
cell0032.png,/content/elpv-dataset/src/elpv_dataset/data/images/cell0032.png,1,Defective,mono,0.74746215,1,Defective,True,0.74746215
cell0305.png,/content/elpv-dataset/src/elpv_dataset/data/images/cell0305.png,1,Defective,poly,0.21579589,0,Functional,False,0.78420411
cell2505.png,/content/elpv-dataset/src/elpv_dataset/data/images/cell2505.png,0,Functional,poly,0.03891569,0,Functional,True,0.9610843099999999
cell0950.png,/content/elpv-dataset/src/elpv_dataset/data/images/cell0950.png,1,Defective,mono,0.021944089,0,Functional,False,0.978055911
cell1356.png,/content/elpv-dataset/src/elpv_dataset/data/images/cell1356.png,0,Functional,mono,0.0016450986,0,Functional,True,0.9983549014
cell1503.png,/content/elpv-dataset/src/elpv_dataset/data/images/cell1503.png,0,Functional,mono,0.03734514,0,Functional,True,0.96265486
cell0737.png,/content/elpv-dataset/src/elpv_dataset/data/images/cell0737.png,0,Functional,poly,0.023516657,0,Functional,True,0.976483343
cell1023.png,/content/elpv-dataset/src/elpv_dataset/data/images/cell1023.png,0,Functional,mono,0.690231,1,Defective,False,0.690231
cell2147.png,/content/elpv-dataset/src/elpv_dataset/data/images/cell2147.png,0,Functional,mono,0.049738392,0,Functional,True,0.950261608
cell0875.png,/content/elpv-dataset/src/elpv_dataset/data/images/cell0875.png,1,Defective,poly,0.99962556,1,Defective,True,0.99962556
cell0709.png,/content/elpv-dataset/src/elpv_dataset/data/images/cell0709.png,0,Functional,poly,0.13628761,0,Functional,True,0.86371239
cell1185.png,/content/elpv-dataset/src/elpv_dataset/data/images/cell1185.png,0,Functional,mono,0.39571795,1,Defective,False,0.39571795
cell1727.png,/content/elpv-dataset/src/elpv_dataset/data/images/cell1727.png,0,Functional,poly,4.751974e-06,0,Functional,True,0.999995248026
cell0318.png,/content/elpv-dataset/src/elpv_dataset/data/images/cell0318.png,0,Functional,poly,0.6906898,1,Defective,False,0.6906898
cell2302.png,/content/elpv-dataset/src/elpv_dataset/data/images/cell2302.png,0,Functional,poly,0.11438617,0,Functional,True,0.88561383
cell1363.png,/content/elpv-dataset/src/elpv_dataset/data/images/cell1363.png,0,Functional,mono,0.00071778893,0,Functional,True,0.99928221107
cell1192.png,/content/elpv-dataset/src/elpv_dataset/data/images/cell1192.png,0,Functional,mono,0.05748678,0,Functional,True,0.94251322
cell1779.png,/content/elpv-dataset/src/elpv_dataset/data/images/cell1779.png,0,Functional,poly,0.0025677762,0,Functional,True,0.9974322238
cell2224.png,/content/elpv-dataset/src/elpv_dataset/data/images/cell2224.png,0,Functional,poly,0.0019138894,0,Functional,True,0.9980861106
cell1310.png,/content/elpv-dataset/src/elpv_dataset/data/images/cell1310.png,0,Functional,mono,0.0018549998,0,Functional,True,0.9981450002
cell1641.png,/content/elpv-dataset/src/elpv_dataset/data/images/cell1641.png,0,Functional,poly,0.014342922,0,Functional,True,0.985657078
cell0650.png,/content/elpv-dataset/src/elpv_dataset/data/images/cell0650.png,0,Functional,poly,0.43655148,1,Defective,False,0.43655148
cell0117.png,/content/elpv-dataset/src/elpv_dataset/data/images/cell0117.png,0,Functional,poly,0.046682782,0,Functional,True,0.953317218
cell0636.png,/content/elpv-dataset/src/elpv_dataset/data/images/cell0636.png,1,Defective,poly,0.6845038,1,Defective,True,0.6845038
cell1424.png,/content/elpv-dataset/src/elpv_dataset/data/images/cell1424.png,1,Defective,mono,0.03586708,0,Functional,False,0.96413292
cell0284.png,/content/elpv-dataset/src/elpv_dataset/data/images/cell0284.png,1,Defective,poly,0.99942565,1,Defective,True,0.99942565
cell0115.png,/content/elpv-dataset/src/elpv_dataset/data/images/cell0115.png,1,Defective,poly,0.520142,1,Defective,True,0.520142
cell2545.png,/content/elpv-dataset/src/elpv_dataset/data/images/cell2545.png,0,Functional,poly,0.042449914,0,Functional,True,0.957550086
cell2451.png,/content/elpv-dataset/src/elpv_dataset/data/images/cell2451.png,0,Functional,poly,0.004695744,0,Functional,True,0.995304256
cell0358.png,/content/elpv-dataset/src/elpv_dataset/data/images/cell0358.png,0,Functional,poly,0.05698846,0,Functional,True,0.94301154
cell0434.png,/content/elpv-dataset/src/elpv_dataset/data/images/cell0434.png,1,Defective,mono,0.9999907,1,Defective,True,0.9999907
cell0262.png,/content/elpv-dataset/src/elpv_dataset/data/images/cell0262.png,0,Functional,poly,0.2871599,1,Defective,False,0.2871599
cell2007.png,/content/elpv-dataset/src/elpv_dataset/data/images/cell2007.png,0,Functional,poly,0.0043480676,0,Functional,True,0.9956519324
cell1830.png,/content/elpv-dataset/src/elpv_dataset/data/images/cell1830.png,0,Functional,poly,5.61859e-06,0,Functional,True,0.99999438141
cell0610.png,/content/elpv-dataset/src/elpv_dataset/data/images/cell0610.png,0,Functional,poly,0.38201097,1,Defective,False,0.38201097
cell0920.png,/content/elpv-dataset/src/elpv_dataset/data/images/cell0920.png,0,Functional,mono,0.08855676,0,Functional,True,0.91144324
cell1986.png,/content/elpv-dataset/src/elpv_dataset/data/images/cell1986.png,0,Functional,poly,0.46495116,1,Defective,False,0.46495116
cell0365.png,/content/elpv-dataset/src/elpv_dataset/data/images/cell0365.png,1,Defective,mono,0.9995043,1,Defective,True,0.9995043
cell1639.png,/content/elpv-dataset/src/elpv_dataset/data/images/cell1639.png,1,Defective,poly,0.9997814,1,Defective,True,0.9997814
cell2019.png,/content/elpv-dataset/src/elpv_dataset/data/images/cell2019.png,0,Functional,poly,0.6236794,1,Defective,False,0.6236794
cell1820.png,/content/elpv-dataset/src/elpv_dataset/data/images/cell1820.png,1,Defective,poly,0.000115565614,0,Functional,False,0.999884434386
cell0603.png,/content/elpv-dataset/src/elpv_dataset/data/images/cell0603.png,1,Defective,poly,0.99994504,1,Defective,True,0.99994504
cell0187.png,/content/elpv-dataset/src/elpv_dataset/data/images/cell0187.png,1,Defective,poly,0.9528747,1,Defective,True,0.9528747
cell2404.png,/content/elpv-dataset/src/elpv_dataset/data/images/cell2404.png,0,Functional,mono,0.013902628,0,Functional,True,0.986097372
cell1654.png,/content/elpv-dataset/src/elpv_dataset/data/images/cell1654.png,1,Defective,poly,0.99979347,1,Defective,True,0.99979347
cell1047.png,/content/elpv-dataset/src/elpv_dataset/data/images/cell1047.png,0,Functional,mono,0.6263879,1,Defective,False,0.6263879
cell0340.png,/content/elpv-dataset/src/elpv_dataset/data/images/cell0340.png,0,Functional,poly,0.0694933,0,Functional,True,0.9305067
cell0700.png,/content/elpv-dataset/src/elpv_dataset/data/images/cell0700.png,1,Defective,poly,0.23234577,0,Functional,False,0.76765423
cell0426.png,/content/elpv-dataset/src/elpv_dataset/data/images/cell0426.png,1,Defective,mono,0.9658343,1,Defective,True,0.9658343
cell2385.png,/content/elpv-dataset/src/elpv_dataset/data/images/cell2385.png,0,Functional,poly,0.0025249512,0,Functional,True,0.9974750488
cell2031.png,/content/elpv-dataset/src/elpv_dataset/data/images/cell2031.png,0,Functional,poly,0.018178273,0,Functional,True,0.981821727
cell0581.png,/content/elpv-dataset/src/elpv_dataset/data/images/cell0581.png,0,Functional,poly,0.069835216,0,Functional,True,0.930164784
cell0556.png,/content/elpv-dataset/src/elpv_dataset/data/images/cell0556.png,0,Functional,poly,0.3807599,1,Defective,False,0.3807599
cell1500.png,/content/elpv-dataset/src/elpv_dataset/data/images/cell1500.png,0,Functional,mono,0.068945564,0,Functional,True,0.931054436
cell2335.png,/content/elpv-dataset/src/elpv_dataset/data/images/cell2335.png,1,Defective,poly,0.9943111,1,Defective,True,0.9943111
cell0496.png,/content/elpv-dataset/src/elpv_dataset/data/images/cell0496.png,1,Defective,mono,0.9929677,1,Defective,True,0.9929677
cell2291.png,/content/elpv-dataset/src/elpv_dataset/data/images/cell2291.png,0,Functional,poly,0.20876573,0,Functional,True,0.79123427
cell0579.png,/content/elpv-dataset/src/elpv_dataset/data/images/cell0579.png,1,Defective,poly,0.7011837,1,Defective,True,0.7011837
cell0608.png,/content/elpv-dataset/src/elpv_dataset/data/images/cell0608.png,1,Defective,poly,0.99988604,1,Defective,True,0.99988604
cell0559.png,/content/elpv-dataset/src/elpv_dataset/data/images/cell0559.png,0,Functional,poly,0.14625809,0,Functional,True,0.85374191
cell2341.png,/content/elpv-dataset/src/elpv_dataset/data/images/cell2341.png,0,Functional,poly,0.048954304,0,Functional,True,0.951045696
cell1108.png,/content/elpv-dataset/src/elpv_dataset/data/images/cell1108.png,1,Defective,mono,0.9999325,1,Defective,True,0.9999325
cell1778.png,/content/elpv-dataset/src/elpv_dataset/data/images/cell1778.png,0,Functional,poly,4.6899226e-05,0,Functional,True,0.999953100774
cell0338.png,/content/elpv-dataset/src/elpv_dataset/data/images/cell0338.png,0,Functional,poly,0.035987623,0,Functional,True,0.964012377
cell0767.png,/content/elpv-dataset/src/elpv_dataset/data/images/cell0767.png,0,Functional,poly,0.27098507,1,Defective,False,0.27098507
cell0868.png,/content/elpv-dataset/src/elpv_dataset/data/images/cell0868.png,1,Defective,poly,0.99419504,1,Defective,True,0.99419504
cell0465.png,/content/elpv-dataset/src/elpv_dataset/data/images/cell0465.png,0,Functional,mono,0.17399274,0,Functional,True,0.82600726
cell1138.png,/content/elpv-dataset/src/elpv_dataset/data/images/cell1138.png,0,Functional,mono,0.060421452,0,Functional,True,0.939578548
cell1877.png,/content/elpv-dataset/src/elpv_dataset/data/images/cell1877.png,0,Functional,poly,1.6025075e-05,0,Functional,True,0.999983974925
cell0536.png,/content/elpv-dataset/src/elpv_dataset/data/images/cell0536.png,1,Defective,mono,0.9953601,1,Defective,True,0.9953601
cell0580.png,/content/elpv-dataset/src/elpv_dataset/data/images/cell0580.png,0,Functional,poly,0.2509927,0,Functional,True,0.7490072999999999
cell1544.png,/content/elpv-dataset/src/elpv_dataset/data/images/cell1544.png,0,Functional,mono,0.05033175,0,Functional,True,0.94966825
cell1761.png,/content/elpv-dataset/src/elpv_dataset/data/images/cell1761.png,1,Defective,poly,0.0031051284,0,Functional,False,0.9968948716
cell0454.png,/content/elpv-dataset/src/elpv_dataset/data/images/cell0454.png,1,Defective,mono,0.99788576,1,Defective,True,0.99788576
cell2285.png,/content/elpv-dataset/src/elpv_dataset/data/images/cell2285.png,0,Functional,poly,0.128586,0,Functional,True,0.871414
cell0664.png,/content/elpv-dataset/src/elpv_dataset/data/images/cell0664.png,0,Functional,poly,0.83694935,1,Defective,False,0.83694935
cell1277.png,/content/elpv-dataset/src/elpv_dataset/data/images/cell1277.png,0,Functional,mono,0.00026199615,0,Functional,True,0.99973800385
cell1653.png,/content/elpv-dataset/src/elpv_dataset/data/images/cell1653.png,1,Defective,poly,0.9998822,1,Defective,True,0.9998822
cell0181.png,/content/elpv-dataset/src/elpv_dataset/data/images/cell0181.png,1,Defective,poly,0.91978145,1,Defective,True,0.91978145
cell1587.png,/content/elpv-dataset/src/elpv_dataset/data/images/cell1587.png,0,Functional,mono,0.018718028,0,Functional,True,0.981281972
cell2499.png,/content/elpv-dataset/src/elpv_dataset/data/images/cell2499.png,0,Functional,poly,0.004450253,0,Functional,True,0.995549747
cell1742.png,/content/elpv-dataset/src/elpv_dataset/data/images/cell1742.png,0,Functional,poly,0.0008804045,0,Functional,True,0.9991195955
cell1286.png,/content/elpv-dataset/src/elpv_dataset/data/images/cell1286.png,0,Functional,mono,0.0010156439,0,Functional,True,0.9989843561
cell2526.png,/content/elpv-dataset/src/elpv_dataset/data/images/cell2526.png,1,Defective,poly,0.18014485,0,Functional,False,0.81985515
cell0577.png,/content/elpv-dataset/src/elpv_dataset/data/images/cell0577.png,1,Defective,poly,0.58224523,1,Defective,True,0.58224523
cell0766.png,/content/elpv-dataset/src/elpv_dataset/data/images/cell0766.png,0,Functional,poly,0.14982955,0,Functional,True,0.85017045
cell0308.png,/content/elpv-dataset/src/elpv_dataset/data/images/cell0308.png,0,Functional,poly,0.5113945,1,Defective,False,0.5113945
cell1793.png,/content/elpv-dataset/src/elpv_dataset/data/images/cell1793.png,0,Functional,poly,1.3735557e-05,0,Functional,True,0.999986264443
cell0315.png,/content/elpv-dataset/src/elpv_dataset/data/images/cell0315.png,0,Functional,poly,0.317654,1,Defective,False,0.317654
cell0942.png,/content/elpv-dataset/src/elpv_dataset/data/images/cell0942.png,0,Functional,mono,0.010774271,0,Functional,True,0.989225729
cell0927.png,/content/elpv-dataset/src/elpv_dataset/data/images/cell0927.png,0,Functional,mono,0.003851306,0,Functional,True,0.996148694
cell1758.png,/content/elpv-dataset/src/elpv_dataset/data/images/cell1758.png,0,Functional,poly,4.5000743e-07,0,Functional,True,0.99999954999257
cell1967.png,/content/elpv-dataset/src/elpv_dataset/data/images/cell1967.png,0,Functional,poly,0.036720302,0,Functional,True,0.963279698
cell0147.png,/content/elpv-dataset/src/elpv_dataset/data/images/cell0147.png,1,Defective,poly,0.73271316,1,Defective,True,0.73271316
cell1458.png,/content/elpv-dataset/src/elpv_dataset/data/images/cell1458.png,0,Functional,mono,0.25275293,0,Functional,True,0.74724707
cell0717.png,/content/elpv-dataset/src/elpv_dataset/data/images/cell0717.png,0,Functional,poly,0.0391578,0,Functional,True,0.9608422
cell0246.png,/content/elpv-dataset/src/elpv_dataset/data/images/cell0246.png,1,Defective,poly,0.9999981,1,Defective,True,0.9999981
cell0193.png,/content/elpv-dataset/src/elpv_dataset/data/images/cell0193.png,1,Defective,poly,0.13723257,0,Functional,False,0.86276743
cell1895.png,/content/elpv-dataset/src/elpv_dataset/data/images/cell1895.png,1,Defective,poly,0.977994,1,Defective,True,0.977994
cell1570.png,/content/elpv-dataset/src/elpv_dataset/data/images/cell1570.png,0,Functional,mono,0.0029416797,0,Functional,True,0.9970583203
cell0048.png,/content/elpv-dataset/src/elpv_dataset/data/images/cell0048.png,1,Defective,mono,0.99987555,1,Defective,True,0.99987555
cell0061.png,/content/elpv-dataset/src/elpv_dataset/data/images/cell0061.png,0,Functional,poly,0.3078388,1,Defective,False,0.3078388
cell1917.png,/content/elpv-dataset/src/elpv_dataset/data/images/cell1917.png,0,Functional,poly,0.015095765,0,Functional,True,0.984904235
cell1530.png,/content/elpv-dataset/src/elpv_dataset/data/images/cell1530.png,0,Functional,mono,0.0033350615,0,Functional,True,0.9966649385
cell1435.png,/content/elpv-dataset/src/elpv_dataset/data/images/cell1435.png,0,Functional,mono,0.10808791,0,Functional,True,0.89191209
cell0923.png,/content/elpv-dataset/src/elpv_dataset/data/images/cell0923.png,0,Functional,mono,0.00582513,0,Functional,True,0.99417487
cell2578.png,/content/elpv-dataset/src/elpv_dataset/data/images/cell2578.png,0,Functional,poly,5.019304e-06,0,Functional,True,0.999994980696
cell2493.png,/content/elpv-dataset/src/elpv_dataset/data/images/cell2493.png,0,Functional,poly,0.006449441,0,Functional,True,0.993550559
cell1655.png,/content/elpv-dataset/src/elpv_dataset/data/images/cell1655.png,1,Defective,poly,0.9999764,1,Defective,True,0.9999764
cell2327.png,/content/elpv-dataset/src/elpv_dataset/data/images/cell2327.png,1,Defective,poly,0.98412436,1,Defective,True,0.98412436
cell0858.png,/content/elpv-dataset/src/elpv_dataset/data/images/cell0858.png,1,Defective,poly,0.9895359,1,Defective,True,0.9895359
cell1396.png,/content/elpv-dataset/src/elpv_dataset/data/images/cell1396.png,1,Defective,mono,0.7401003,1,Defective,True,0.7401003
cell1421.png,/content/elpv-dataset/src/elpv_dataset/data/images/cell1421.png,1,Defective,mono,0.12446198,0,Functional,False,0.87553802
cell0416.png,/content/elpv-dataset/src/elpv_dataset/data/images/cell0416.png,1,Defective,mono,0.99386734,1,Defective,True,0.99386734
cell1632.png,/content/elpv-dataset/src/elpv_dataset/data/images/cell1632.png,1,Defective,poly,0.99988675,1,Defective,True,0.99988675
cell0982.png,/content/elpv-dataset/src/elpv_dataset/data/images/cell0982.png,0,Functional,mono,0.12343249,0,Functional,True,0.87656751
cell0806.png,/content/elpv-dataset/src/elpv_dataset/data/images/cell0806.png,1,Defective,poly,0.11994934,0,Functional,False,0.88005066
cell0258.png,/content/elpv-dataset/src/elpv_dataset/data/images/cell0258.png,1,Defective,poly,0.8475874,1,Defective,True,0.8475874
cell1211.png,/content/elpv-dataset/src/elpv_dataset/data/images/cell1211.png,0,Functional,mono,0.016620293,0,Functional,True,0.983379707
cell1113.png,/content/elpv-dataset/src/elpv_dataset/data/images/cell1113.png,0,Functional,mono,0.062694624,0,Functional,True,0.937305376
cell1200.png,/content/elpv-dataset/src/elpv_dataset/data/images/cell1200.png,0,Functional,mono,0.09238576,0,Functional,True,0.90761424
cell1723.png,/content/elpv-dataset/src/elpv_dataset/data/images/cell1723.png,0,Functional,poly,4.9447583e-05,0,Functional,True,0.999950552417
cell0373.png,/content/elpv-dataset/src/elpv_dataset/data/images/cell0373.png,1,Defective,mono,0.9905566,1,Defective,True,0.9905566
cell2328.png,/content/elpv-dataset/src/elpv_dataset/data/images/cell2328.png,1,Defective,poly,0.99127126,1,Defective,True,0.99127126
cell0009.png,/content/elpv-dataset/src/elpv_dataset/data/images/cell0009.png,0,Functional,mono,0.59320325,1,Defective,False,0.59320325
