Epoch,Train_Loss,Val_Loss,Train_Accuracy,Val_Accuracy,Train_F1,Val_F1,Learning_Rate
1,0.7886424948746257,0.8138461155934377,0.7294344473007712,0.7387387387387387,0.60543580131209,0.583732057416268,0.001
2,0.7362155592533494,0.7771527129966576,0.7641388174807198,0.7447447447447447,0.6481303930968361,0.6046511627906976,0.001
3,0.7114601458559306,0.7956339956761839,0.7763496143958869,0.7537537537537538,0.6853526220614828,0.6403508771929824,0.001
4,0.6802180970236085,0.7716731804985184,0.7718508997429306,0.7627627627627628,0.6728110599078341,0.6069651741293532,0.001
5,0.6991889726533375,0.9705525266157614,0.7641388174807198,0.4024024024024024,0.6696669666966697,0.5110565110565111,0.001
6,0.7106673807901711,0.747602420168238,0.7699228791773779,0.7147147147147147,0.6751361161524501,0.6122448979591837,0.001
7,0.6746895184553681,0.7870818018555283,0.781491002570694,0.7537537537537538,0.6816479400749064,0.6019417475728155,0.001
8,0.6861510851389339,0.7652187361731544,0.7724935732647815,0.6696696696696697,0.6787658802177858,0.60431654676259,0.001
9,0.6761620522771212,0.866951267461519,0.7699228791773779,0.5105105105105106,0.6697416974169742,0.5534246575342465,0.001
10,0.6689220962610221,0.7618111797997186,0.7802056555269923,0.6636636636636637,0.6856617647058824,0.6111111111111112,0.0005
11,0.6588299662104609,0.7522004228812438,0.7769922879177378,0.6546546546546547,0.6876687668766877,0.6075085324232082,0.0005
12,0.6350030093848859,0.7648970839139577,0.7853470437017995,0.6516516516516516,0.6963636363636364,0.618421052631579,0.0005
