Epoch,Stage,Train_Loss,Val_Loss,Train_Accuracy,Val_Accuracy,Train_F1,Val_F1,Train_AUC,Val_AUC,Learning_Rate
1,Warm-up,0.9269208207841397,0.8554917888956385,0.5816195372750642,0.7147147147147147,0.46943765281173594,0.4692737430167598,0.6116893939393939,0.7406335290712099,0.001
2,Warm-up,0.7853672987084769,0.7543179371335484,0.7088688946015425,0.7297297297297297,0.6138107416879796,0.5871559633027523,0.7757405303030303,0.8049789099330079,0.001
3,Warm-up,0.7447331343947462,0.7474141688318224,0.7397172236503856,0.7447447447447447,0.6354635463546354,0.6502057613168725,0.7942159090909091,0.8099826317095361,0.001
4,Warm-up,0.714718184771452,0.7351228285122204,0.7622107969151671,0.7357357357357357,0.6617915904936015,0.6239316239316239,0.8175833333333333,0.8127946406417996,0.001
5,Warm-up,0.6768005603689767,0.7281780325256668,0.7660668380462725,0.7327327327327328,0.6708860759493671,0.600896860986547,0.8385113636363637,0.8200314283351252,0.001
6,Fine-tune,0.6198064473416934,0.8097053440483483,0.7853470437017995,0.7867867867867868,0.6866791744840526,0.6502463054187192,0.8637708333333334,0.833719295343644,0.0001
7,Fine-tune,0.5497860407461544,0.6793340729163574,0.8084832904884319,0.7567567567567568,0.7220149253731343,0.6523605150214592,0.8952859848484848,0.8510048796625589,0.0001
8,Fine-tune,0.5306547605899429,0.8364652882109175,0.8226221079691517,0.8048048048048048,0.7401129943502824,0.656084656084656,0.9007708333333334,0.858448432718551,0.0001
9,Fine-tune,0.5306508332720759,0.7541026129378928,0.8161953727506427,0.8318318318318318,0.7385740402193784,0.711340206185567,0.9031344696969696,0.8670085187329418,0.0001
10,Fine-tune,0.48905354401139794,0.8414599437255401,0.8374035989717223,0.8168168168168168,0.7578947368421053,0.6934673366834171,0.9167992424242426,0.8610123232156149,0.0001
11,Fine-tune,0.45049342168327466,0.6585912219396941,0.8444730077120822,0.8048048048048048,0.7729831144465291,0.7058823529411765,0.928751893939394,0.8840873376891902,0.0001
12,Fine-tune,0.45338977118690704,0.9393607943623632,0.8553984575835476,0.8258258258258259,0.784688995215311,0.6847826086956522,0.9285776515151516,0.8790009097675958,0.0001
13,Fine-tune,0.41323562468232106,0.8455515394697676,0.8611825192802056,0.8378378378378378,0.7923076923076923,0.7244897959183674,0.9408693181818182,0.8950459019105119,0.0001
14,Fine-tune,0.41674218125698803,0.8530144662828417,0.8669665809768637,0.8468468468468469,0.8015340364333653,0.7085714285714285,0.9406534090909091,0.8990157968737077,0.0001
15,Fine-tune,0.4082229501330761,0.6519291354371263,0.872107969151671,0.8558558558558559,0.8117313150425733,0.7647058823529411,0.9436458333333333,0.9062525845670334,0.0001
16,Fine-tune,0.4129023466900872,0.7885590977854915,0.877892030848329,0.8438438438438438,0.817658349328215,0.7045454545454546,0.941689393939394,0.9100984203126292,0.0001
17,Fine-tune,0.3929882519962242,0.7764367953435078,0.8849614395886889,0.8588588588588588,0.8267182962245886,0.7539267015706806,0.9467973484848484,0.8988917376561079,0.0001
18,Fine-tune,0.3941490869289192,0.6107274306429041,0.8701799485861182,0.8558558558558559,0.8087121212121212,0.7714285714285715,0.9469185606060606,0.9037300471425026,0.0001
19,Fine-tune,0.3875795455702166,0.6553046719447987,0.8836760925449871,0.8198198198198198,0.8234146341463414,0.7321428571428571,0.9482367424242424,0.895624844925978,0.0001
20,Fine-tune,0.321026625011145,0.6066451479006816,0.9125964010282777,0.8678678678678678,0.8679611650485437,0.78,0.9642670454545454,0.9135307253328921,5e-05
21,Fine-tune,0.3527252593659497,0.5878440098719554,0.8830334190231363,0.8618618618618619,0.8286252354048964,0.7722772277227723,0.9578058712121212,0.9176660325862211,5e-05
22,Fine-tune,0.3360673101058656,0.682467441301088,0.8868894601542416,0.8798798798798799,0.8352059925093633,0.7959183673469388,0.9626609848484847,0.9115871309238276,5e-05
23,Fine-tune,0.3148688287462244,0.6118952023374425,0.9068123393316195,0.8708708708708709,0.8579823702252694,0.7881773399014779,0.9663655303030303,0.917087089570755,5e-05
24,Fine-tune,0.30850461654001154,0.7044893621324418,0.9151670951156813,0.8678678678678678,0.8690476190476191,0.7708333333333334,0.9679469696969697,0.9169630303531553,5e-05
25,Fine-tune,0.27940176415872453,0.7534130496663732,0.9145244215938303,0.8588588588588588,0.8692232055063913,0.7638190954773869,0.9745265151515151,0.9127450169547597,2.5e-05
